[OK] Fetching active catalog from Supabase...
[OK] 1327 row(s) to check (new).
[1/1327] Robotics Camp (SDSU)... no email found, $0.0000
[2/1327] Scholastic Art & Writing Awards... no email found, $0.0000
[3/1327] Governor's School Programs... no email found, $0.0000
[4/1327] Aspirations in Computing Award (AiC)... no email found, $0.0000
[5/1327] Screenwriters Workshop (NYU)... no email found, $0.0000
[6/1327] First Star Old Dominion University Academy... phec@odu.edu (regex), $0.0000
[7/1327] Marine Lab Pre-College... no email found, $0.0000
[8/1327] Junior Science and Humanities Symposia (JSHS)... admin@jshs.org (regex), $0.0000
[9/1327] DoSomething.org Campaigns... no email found, $0.0005
[10/1327] Summer Pre-College (UMich)... no email found, $0.0000
[11/1327] Pre-College Academic Enrichment Program (University of ... hcop@uchc.edu (regex), $0.0000
[12/1327] Accelerated College Education (ACE) Program... ace@stonybrook.edu (regex), $0.0000
[13/1327] Creative Writing Program (University of Virginia)... no email found, $0.0000
[14/1327] Anime/Manga Session (UTA)... no email found, $0.0000
[15/1327] Congressional Award... no email found, $0.0000
[16/1327] High School Students and Teachers Program... no email found, $0.0000
[17/1327] Jack Kent Cooke Young Artist Award... scholarships@jkcf.org (model), $0.0005
[18/1327] COSMOS (California Summer School for Math and Science)... no email found, $0.0000
[19/1327] Tufts Research Experience Academic Year... precollege@tufts.edu (model), $0.0006
[20/1327] Minority Introduction to Engineering and Science (MITES... no email found, $0.0000
[21/1327] Young Researchers Program (USC)... yrpusc@gmail.com (regex), $0.0000
[22/1327] ASPIRE Scholars Program (UNLV)... no email found, $0.0000
[23/1327] Cultivate Learning High School Internship... internshipscl@uw.edu (model), $0.0005
[24/1327] ChemiCo... bestyourself@stemco.org (regex), $0.0000
[25/1327] ASU Cybersecurity Internship... no email found, $0.0000
[26/1327] UMKC GenCyber Camps... no email found, $0.0000
[27/1327] Conrad Challenge... no email found, $0.0000
[28/1327] Art Camp: Methods of Making... jwarre2@emory.edu (model), $0.0005
[29/1327] BFS Internship (SUNY Oneonta Biological Field Station)... Jill.Shea-Feury@oneonta.edu (model), $0.0006
[30/1327] Biotech Academy... no email found, $0.0000
[31/1327] Pirates Pitch Competition (SHU)... no email found, $0.0000
[32/1327] Oregon Business Academy Summer Internship... no email found, $0.0000
[33/1327] Pathways for Women in Business Leadership... no email found, $0.0000
[34/1327] MIT Blueprint... no email found, $0.0000
[35/1327] International Sustainable World Energy Engineering Envi... no email found, $0.0000
[36/1327] Project Biotech Summer Camp... reithaweeks@gmail.com (regex), $0.0000
[37/1327] Captured in Clay... no email found, $0.0005
[38/1327] Vassar Arts Summer Tuition (VAST)... vast@vassar.edu (model), $0.0005
[39/1327] Summer Enrichment Research Experience... yccitraining@yale.edu (model), $0.0005
[40/1327] VCU Health Junior Volunteer Program... volunteer@vcuhealth.org (regex), $0.0000
[41/1327] Youth Engaged in Science (YES) Program... jxr488@case.edu (model), $0.0005
[42/1327] Badger Precollege... info@precollege.wisc.edu (regex), $0.0000
[43/1327] Teen Arts Group (TAG)... no email found, $0.0000
[44/1327] CCRI - SnowEx and Understanding the Role of Snow and Me... no email found, $0.0000
[45/1327] Toxicology Camp (Oregon State)... no email found, $0.0000
[46/1327] High School Hackathons Directory... no email found, $0.0000
[47/1327] Stanford Health Care Tri-Valley Clinical Academy... no email found, $0.0000
[48/1327] HS Introduction to Architecture... architecture.summer@cooper.edu (model), $0.0005
[49/1327] Terrapin Music Camp (UMD)... musiccamp@umd.edu (regex), $0.0000
[50/1327] Computer & Data Science Camp (Lebanon Valley College)... blanda@lvc.edu (regex), $0.0000
[51/1327] Computer Science and Informatics (Stony Brook)... no email found, $0.0000
[52/1327] Media & Sports Academy (UCLA)... info@summerdiscovery.com (regex), $0.0000
[53/1327] Summer Promise Program... SummerPromise@davidson.edu (regex), $0.0000
[54/1327] Discover Actuarial Science... no email found, $0.0000
[55/1327] Design Discovery Program... sturgeon@virginia.edu (model), $0.0005
[56/1327] Earth & Mineral Science Exposition (PSU)... sjp123@psu.edu (regex), $0.0000
[57/1327] Summer Child Health Internship... ResearchInternship@childrenscolorado.org (regex), $0.0000
[58/1327] Summer STEM... stem@cooper.edu (regex), $0.0000
[59/1327] William & Mary Pre-College Programs... support@precollegeonline.wm.edu (model), $0.0005
[60/1327] Summer Session... enroll@stonybrook.edu (model), $0.0007
[61/1327] EnvironMentors (Penn State University)... EnvironMentors@psu.edu (regex), $0.0000
[62/1327] Creative Career Cohort... photography@youthinfocus.org (regex), $0.0000
[63/1327] Engineering Summer Academy... accessibility@rutgers.edu (regex), $0.0000
[64/1327] Ewgis Research Institute Mentorship Program... no email found, $0.0000
[65/1327] iCivics Youth Fellowship... no email found, $0.0000
[66/1327] Cyber Camp (Oregon State University STEM Academy)... no email found, $0.0000
[67/1327] StudentCam... %20educate@c-span.org (regex), $0.0000
[68/1327] Summer Biomedical Internship Program... no email found, $0.0000
[69/1327] Girls in Math at Yale... no email found, $0.0000
[70/1327] Summer Youth Employment Program (SYEP)... no email found, $0.0000
[71/1327] Summer High School Research Program... hsprogram@lle.rochester.edu (regex), $0.0000
[72/1327] SciSynth: A Journey Into Scientific Computing... no email found, $0.0000
[73/1327] Academic Internship Program (NIH)... no email found, $0.0000
[74/1327] Duke Math Meet... duke.mathmeet@gmail.com (model), $0.0005
[75/1327] High School Research Internship... jfey@btiscience.org (model), $0.0005
[76/1327] High School Camp (UNL)... skuenning2@unl.edu (model), $0.0005
[77/1327] Artificial Intelligence Academy... highschool@georgetown.edu (model), $0.0005
[78/1327] Horticultural Science Summer Institute... liz_driscoll@ncsu.edu (regex), $0.0000
[79/1327] Learn What It Takes To Lead... support@precollegeonline.georgetown.edu (model), $0.0005
[80/1327] Summer Academy for Math & Science (CMU)... cmu-sams@andrew.cmu.edu (model), $0.0006
[81/1327] Introduction to Logic (Stanford Logic)... no email found, $0.0000
[82/1327] Young Scholars Program... mikepeng@utdallas.edu (model), $0.0005
[83/1327] Language Summer Academy... precollegeacademies@rutgers.edu (model), $0.0005
[84/1327] U.S. National Chemistry Olympiad (USNCO)... no email found, $0.0000
[85/1327] Summer Medical Career Program (LAPS)... no email found, $0.0000
[86/1327] Machine Learning Program (Sunrise)... info@sunriseaitech.com (regex), $0.0000
[87/1327] Cybersecurity Internship Program... no email found, $0.0000
[88/1327] Mathematical Minutes Video Contest... askoski@aol.com (model), $0.0005
[89/1327] Camp Louisville... Admissions@LouisvilleHS.org (regex), $0.0000
[90/1327] Medical and Health Programs... no email found, $0.0000
[91/1327] Stanford Medicine Art & Anatomy Summer Program... medicineandthemuse@stanford.edu (regex), $0.0000
[92/1327] Pharmacy Scholars Summer Program... berry_js@mercer.edu (regex), $0.0000
[93/1327] International Mathematical Olympiad (IMO)... no email found, $0.0000
[94/1327] Verizon Innovative Learning STEM Achievers at Shawnee S... no email found, $0.0000
[95/1327] Future City: Electrifying Your Future... stemcenter@mst.edu (model), $0.0005
[96/1327] Nash U (Sadie Nash Leadership Project)... charlie@sadienash.org (regex), $0.0000
[97/1327] Biomedical Engineering Innovation... no email found, $0.0000
[98/1327] National Security & Intelligence Academy... highschool@georgetown.edu (model), $0.0005
[99/1327] Native Education Forum... no email found, $0.0000
[100/1327] CCRI - Monitoring and Studying Lakes from Space in a Ch... no email found, $0.0000
[101/1327] Research in Engineering Program (DukeREP)... dukerep@duke.edu (regex), $0.0000
[102/1327] Northeastern University Summer Internship (C2C Impact E... citytocity@northeastern.edu (regex), $0.0000
[103/1327] Girls Talk Math Camp (UMD)... girlstalkmath@umd.edu (regex), $0.0000
[104/1327] Neuroscape Research Internship (UCSF)... neuroscape@ucsf.edu (regex), $0.0000
[105/1327] Summer Neuroscience Program (SNP)... snp@rockefeller.edu (regex), $0.0000
[106/1327] Arts and Sciences Summer Exploration Program... asc-accessibility@osu.edu (regex), $0.0000
[107/1327] OPTIMUS Research Internship... no email found, $0.0000
[108/1327] Emerging Scholars Program... no email found, $0.0000
[109/1327] OSU Summer Internship Program... ma2jic@osu.edu (model), $0.0005
[110/1327] Oakland University Summer Mathematics Institute (OUSMI)... no email found, $0.0000
[111/1327] Penn Rising Scholar Success Academy (PennRSSA)... upwardboundpenn@gmail.com (regex), $0.0000
[112/1327] Physical Therapy Summer Academy... precollegeacademies@rutgers.edu (model), $0.0005
[113/1327] RISE Research Internships in Science and Engineering... cdo@pomona.edu (regex), $0.0000
[114/1327] UC Davis Pre-College Program... no email found, $0.0000
[115/1327] Physics Summer Program... istem@stonybrook.edu (regex), $0.0000
[116/1327] LIGHT Youth Employment Programs... syep@albanyny.gov (regex), $0.0000
[117/1327] LSU Summer Scholars Program... no email found, $0.0000
[118/1327] Pre-College Programs (University of Maryland)... no email found, $0.0000
[119/1327] Pre-College (SUSQU)... no email found, $0.0000
[120/1327] Principles of Engineering... no email found, $0.0000
[121/1327] NYC Commuter Summer... no email found, $0.0000
[122/1327] Pre-College Programs (Penn State Schuylkill)... no email found, $0.0000
[123/1327] Pre-Law and Mock Trial Summer Academy... accessibility@rutgers.edu (regex), $0.0000
[124/1327] Research Experience for High School Students... no email found, $0.0000
[125/1327] Project Success... no email found, $0.0000
[126/1327] PSU Environmentors Program... EnvironMentors@psu.edu (regex), $0.0000
[127/1327] Rice STEM Academy... no email found, $0.0000
[128/1327] Penn GEMS... academic-services@seas.upenn.edu (regex), $0.0000
[129/1327] Project Ignite (CMU)... projectignitecmu@gmail.com (regex), $0.0000
[130/1327] Research & Stats Camp... summercamps@uteach.utexas.edu (model), $0.0005
[131/1327] Camp CHLA Health Care Career Exploration... no email found, $0.0000
[132/1327] Polymer Chemistry Research Experience... no email found, $0.0000
[133/1327] 3M Young Scientist Challenge... no email found, $0.0000
[134/1327] SAIS Summer Programs (JHU)... no email found, $0.0000
[135/1327] Saint Regis Mohawk Scholars Program... Richard.Harvey@RoswellPark.org (model), $0.0005
[136/1327] SHSU Health Sciences Summer Camp... no email found, $0.0000
[137/1327] Brown Leadership Institute... precollege@brown.edu (regex), $0.0000
[138/1327] Research Experience for High School Students (REHS)... amason@ucsd.edu (regex), $0.0000
[139/1327] MathWorks Math Modeling Challenge... no email found, $0.0000
[140/1327] High School Media Workshop... scrippscollege@ohio.edu (regex), $0.0000
[141/1327] EAOP Pre-College Academy... eaop@berkeley.edu (model), $0.0005
[142/1327] Science and Engineering Apprenticeship Program (SEAP)... no email found, $0.0000
[143/1327] SEEing Art... no email found, $0.0005
[144/1327] Art Harper Saturday Academy... no email found, $0.0000
[145/1327] SEP Intern Program... sep.info@ucsf.edu (model), $0.0005
[146/1327] Sibling Circles... no email found, $0.0000
[147/1327] SPARX (NASA)... no email found, $0.0000
[148/1327] Space Physics Camp... no email found, $0.0000
[149/1327] THINK Summer Institute... info@davidsongifted.org (regex), $0.0000
[150/1327] Summer Surgery Program... no email found, $0.0000
[151/1327] Sports Journalism Summer Camp (UMD)... povichcenter@umd.edu (model), $0.0005
[152/1327] GenCyber Summer Camp (UNLV)... no email found, $0.0000
[153/1327] Stanford e-China... sishi@stanford.edu (regex), $0.0000
[154/1327] NSS Global Space Debates... no email found, $0.0000
[155/1327] Simons-NYU Science Explorations Program... no email found, $0.0000
[156/1327] Summer Academies in the Arts (UCI)... drama@uci.edu (model), $0.0005
[157/1327] Summer Academies... spovalitis@molloy.edu (model), $0.0005
[158/1327] Summer Engineering Experience (SEE)... eng-outreach@andrew.cmu.edu (regex), $0.0000
[159/1327] Summer Art Camps (UMD)... stampinfo@umd.edu (regex), $0.0000
[160/1327] Summer Internship Program (NIH)... no email found, $0.0000
[161/1327] Bruin Ascent Summer Experience (BASE)... confidential@summer.ucla.edu (regex), $0.0000
[162/1327] Barrett Summer Scholars... no email found, $0.0000
[163/1327] Summer Exploration... beagriz@umontana.edu (model), $0.0005
[164/1327] Summer Camp LBL (SAGE LBL)... no email found, $0.0000
[165/1327] High School Summer Research Program... Tatiana.Shaurova@RoswellPark.org (regex), $0.0000
[166/1327] IPaT Research Program... faith@gatech.edu (regex), $0.0000
[167/1327] Pre-College Scholars Program... futureengineer@umd.edu (regex), $0.0000
[168/1327] Summer Engineering Experiences (SEE-UD)... engr@udayton.edu (model), $0.0005
[169/1327] Summer Journalism Academy... no email found, $0.0005
[170/1327] Summer Humanities and Social Science Program (Amherst)... no email found, $0.0000
[171/1327] Summer Edge... summersession@newark.rutgers.edu (model), $0.0005
[172/1327] Summer Learning Academy... no email found, $0.0000
[173/1327] Summer Pre-College at the UMass Mount Ida Campus... no email found, $0.0000
[174/1327] Space Astronomy Summer Program... no email found, $0.0000
[175/1327] Princeton University Ten-Minute Play Contest... no email found, $0.0000
[176/1327] Summer Research Program... admin@ysf.org (regex), $0.0000
[177/1327] Georgia Tech STEM Summer Internship Program... bonnie.harris@ceismc.gatech.edu (model), $0.0005
[178/1327] Learn How Entrepreneurs Identify and Solve Problems... support@precollegeonline.georgetown.edu (model), $0.0005
[179/1327] Summer Arts Academy... no email found, $0.0000
[180/1327] STEP Summer Program... no email found, $0.0000
[181/1327] Public Service Scholars: High School Internship Program... glenn-hsip@osu.edu (model), $0.0005
[182/1327] Medical Student Research Internship Program... no email found, $0.0000
[183/1327] Teen Wellness Summit (UCSF)... sep.info@ucsf.edu (regex), $0.0000
[184/1327] Summer SAIL... sailstaff@uoregon.edu (model), $0.0005
[185/1327] HOSA — Future Health Professionals... info@hosa.org (regex), $0.0000
[186/1327] Summer Session (University of North Carolina at Chapel ... no email found, $0.0000
[187/1327] Summer Session... summer@binghamton.edu (regex), $0.0000
[188/1327] Young Achievers Program... yap@tamu.edu (regex), $0.0000
[189/1327] Swarthmore College... lhunt1@swarthmore.edu (model), $0.0006
[190/1327] Swarthmore College Summer Research Program... lhunt1@swarthmore.edu (model), $0.0006
[191/1327] UCSF... communications@globalhealth.ucsf.edu (regex), $0.0000
[192/1327] TTUHSC Summer Camp... no email found, $0.0000
[193/1327] Teen Med Camp (UTA)... no email found, $0.0000
[194/1327] Innovation in Music Academy... info@summerdiscovery.com (regex), $0.0000
[195/1327] JumpStart Camp... no email found, $0.0000
[196/1327] TAMU... no email found, $0.0000
[197/1327] Tufts Pre-College Accelerator... precollege@tufts.edu (model), $0.0005
[198/1327] UAB Pre-College Research Internship... SurgSummerPrograms@uabmc.edu (model), $0.0006
[199/1327] Social Impact Programs for High School Students... precollege@tufts.edu (model), $0.0006
[200/1327] UAB... ccord@uab.edu (regex), $0.0000
[201/1327] Tufts University Business Programs for High School Stud... luke.fraser@tufts.edu (model), $0.0005
[202/1327] Summer High School Internship Program... no email found, $0.0000
[203/1327] UCSF... no email found, $0.0000
[204/1327] NeuroCamp Grades 9-12... no email found, $0.0000
[205/1327] UCSF Bay Area Youth Science (BAYS)... no email found, $0.0000
[206/1327] UCR RISE... noelgras@ucr.edu (regex), $0.0000
[207/1327] UK College of Medicine High School Summer Fellowship... MIMG.Fellowship@uky.edu (regex), $0.0000
[208/1327] SHARP Program... znw@uic.edu (model), $0.0005
[209/1327] UCSF... no email found, $0.0000
[210/1327] UMKC Career U... no email found, $0.0000
[211/1327] Summer Discovery... summerprogramscoad@uh.edu (regex), $0.0000
[212/1327] UML Liftoff... Justin_Gerstenfield@uml.edu (model), $0.0005
[213/1327] STEM Research Experience... scidisc@colorado.edu (model), $0.0005
[214/1327] China Emerging Leaders... summersession@uchicago.edu (regex), $0.0000
[215/1327] University at Albany... no email found, $0.0000
[216/1327] Summer Arts and Design Camp... uncgarts@uncg.edu (regex), $0.0000
[217/1327] Teen Internship Program... buildabetterbook@gmail.com (regex), $0.0000
[218/1327] Level Up... ud-eli@udel.edu (model), $0.0005
[219/1327] Pioneer Prep... no email found, $0.0000
[220/1327] USA Biology Olympiad (USABO)... no email found, $0.0000
[221/1327] University of North Texas... ai@unt.edu (regex), $0.0000
[222/1327] UGA Young Dawgs Program... no email found, $0.0000
[223/1327] University of Tennessee... no email found, $0.0000
[224/1327] Urban Photography Camp (UTA)... no email found, $0.0000
[225/1327] Johns Hopkins University Pre-College Programs... no email found, $0.0000
[226/1327] Next Generation Pathways to Computing Program (NGP)... education@ornl.gov (regex), $0.0000
[227/1327] UNM Health CURE Program... no email found, $0.0000
[228/1327] Summer Stretch... rcsummer@uw.edu (model), $0.0005
[229/1327] UT Dallas Biology Camp... utdbiologyoutreach@utdallas.edu (model), $0.0005
[230/1327] Upward Bound (UPENN)... upwardboundpenn@gmail.com (regex), $0.0000
[231/1327] High School Internship Program... no email found, $0.0000
[232/1327] Project ACE... Project_ACE@utep.edu (regex), $0.0000
[233/1327] Writing Project Summer Camp (UCLA CenterX)... no email found, $0.0000
[234/1327] High School Law Camp... cahobbs@utep.edu (model), $0.0005
[235/1327] Quest Project... hoyedor2@uwm.edu (regex), $0.0000
[236/1327] Vanderbilt Summer Research Internship Program in Biomed... jaedyn.embry@vanderbilt.edu (model), $0.0007
[237/1327] UW Botanic Gardens Youth Summer Internship... uwbgeduc@uw.edu (model), $0.0005
[238/1327] Interdisciplinary Science and Research Program... cseo@vanderbilt.edu (regex), $0.0000
[239/1327] Pediatrics Internship Program at Stanford (PIPS)... ID@stanford.edu (regex), $0.0000
[240/1327] Future Success Program... lampkins@uwm.edu (regex), $0.0000
[241/1327] Research Development Institute... no email found, $0.0000
[242/1327] Wake Forest LEAP Program... no email found, $0.0000
[243/1327] Fleischer Scholars Summer Program... no email found, $0.0000
[244/1327] Brain Camp... becca.rohn@hsc.wvu.edu (regex), $0.0000
[245/1327] WISE Summer College (UVA)... sss7y@uvawise.edu (model), $0.0005
[246/1327] USA Computing Olympiad (USACO)... no email found, $0.0000
[247/1327] RISE Leadership Institute... no email found, $0.0000
[248/1327] Young Scholars Biostatistics Program... lisa.calvocoressi@yale.edu (model), $0.0005
[249/1327] Young Innovators Program... summersession@uchicago.edu (regex), $0.0000
[250/1327] Yale High School Internship Program... ITEarlyCareers@yale.edu (regex), $0.0000
[251/1327] Program in Music Technology (NYU Steinhardt)... precollege@nyu.edu (model), $0.0005
[252/1327] Discover Architecture... no email found, $0.0000
[253/1327] McIntire Business Institute High School Program... no email found, $0.0000
[254/1327] PREFACE: The RPI Summer Engineering Design Program... pipelineprograms@rpi.edu (model), $0.0006
[255/1327] Crimson Summer Academy... crimsonsummer@harvard.edu (regex), $0.0000
[256/1327] Future Business Leaders of America (FBLA)... no email found, $0.0000
[257/1327] Smithsonian Institution Internships... no email found, $0.0000
[258/1327] Canada/USA Mathcamp... no email found, $0.0000
[259/1327] NIH High School Summer Internship Program (HSSiP)... no email found, $0.0000
[260/1327] The Goldman Group LEEDAR Summer Research Program... accessibility@rutgers.edu (regex), $0.0000
[261/1327] Summer STEM Camp (UNLV)... no email found, $0.0000
[262/1327] The Concord Review... evans@tcr.org (regex), $0.0000
[263/1327] Stanford University Mathematics Camp (SUMaC)... no email found, $0.0000
[264/1327] Howling with CALS... no email found, $0.0000
[265/1327] SHINE Poster Session (USC)... daring@usc.edu (regex), $0.0000
[266/1327] Student Interactions with Science, Technology, Engineer... no email found, $0.0000
[267/1327] Physics Unlimited Premier Competition... no email found, $0.0000
[268/1327] American Enterprise Institute (AEI) High School Essay C... no email found, $0.0000
[269/1327] STEM Incubator... no email found, $0.0000
[270/1327] MIT Zero Robotics... zerorobotics@mit.edu (regex), $0.0000
[271/1327] Genes in Space Competition... genesinspace@minipcr.com (regex), $0.0000
[272/1327] Neuroscience Research Prize... program@sfn.org (model), $0.0005
[273/1327] World Wildlife Day Youth Art Contest... david.whitbourn@un.org (model), $0.0005
[274/1327] ACS Project SEED (University of Wisconsin-Milwaukee)... no email found, $0.0005
[275/1327] Penn Summer Prep... hsprogs@sas.upenn.edu (regex), $0.0000
[276/1327] National Science Foundation Research Experiences for Un... data@nsf.gov (regex), $0.0000
[277/1327] Summer Strings (UTA)... no email found, $0.0000
[278/1327] Summer Research Immersion (SRI)... no email found, $0.0005
[279/1327] Summer Youth Program (UCI Writing Project)... no email found, $0.0000
[280/1327] Hinton Scholars Program... no email found, $0.0000
[281/1327] Journal of Emerging Investigators (JEI)... no email found, $0.0000
[282/1327] Caribou Mathematics Competition... no email found, $0.0000
[283/1327] DREAMBIG Academy... no email found, $0.0000
[284/1327] Apprenticeships in Science & Engineering (ASE)... %20info@saturdayacademy.org (regex), $0.0000
[285/1327] Double Discovery Center... no email found, $0.0000
[286/1327] Futures Virtual Internship Program... no email found, $0.0000
[287/1327] Engineering Discovery for Girls... no email found, $0.0000
[288/1327] Dental Careers Exploration... dsei@vcu.edu (regex), $0.0000
[289/1327] UMass Dartmouth STEAM Academy... no email found, $0.0005
[290/1327] START Program... start@uky.edu (model), $0.0005
[291/1327] Health & Biomedical Camp (Lebanon Valley)... lappas@lvc.edu (regex), $0.0000
[292/1327] Summer Enrichment Scholars Program... mosaic@uvm.edu (regex), $0.0000
[293/1327] High School Conservatory (AMDA)... no email found, $0.0000
[294/1327] HAAS Business... no email found, $0.0000
[295/1327] Teen Wellness Connection... Sabine.Jeske@ucsf.edu (model), $0.0006
[296/1327] Summer Intensives... no email found, $0.0000
[297/1327] Terp Young Scholars... tys@umd.edu (model), $0.0006
[298/1327] ICaRE Summer Science Program... enroll@oldwestbury.edu (regex), $0.0000
[299/1327] Medical Program (University of Hawaii)... no email found, $0.0000
[300/1327] Summer@Brown... precollege@brown.edu (regex), $0.0000
[301/1327] Math Academy (ProveIT)... info@proveitmath.org (regex), $0.0000
[302/1327] NJIT Student Research Opportunities... guiling.wang@njit.edu (model), $0.0006
[303/1327] Science Research Mentoring Program (SRMP)... no email found, $0.0000
[304/1327] Sci-High Program... nephrohub@northwestern.edu (regex), $0.0000
[305/1327] Plant The Moon Challenge... no email found, $0.0000
[306/1327] National Youth Science Camp... nyscamp@nysacademy.org (model), $0.0005
[307/1327] Stanford Pre-Collegiate Studies... no email found, $0.0000
[308/1327] Outreach Ambassador Program... rsinkovits@ucsd.edu (model), $0.0006
[309/1327] The Duke of Edinburgh's International Award (America)... no email found, $0.0000
[310/1327] RBS-PREP Pre-College Enrichment... no email found, $0.0000
[311/1327] National Conservation Crews... no email found, $0.0000
[312/1327] Hofstra University Summer Science Research Program... hussrp@hofstra.edu (regex), $0.0000
[313/1327] National History Day... no email found, $0.0000
[314/1327] Appalachian Trail Conservancy Volunteer Programs... no email found, $0.0000
[315/1327] USA Mathematical Olympiad (USAMO)... amcinfo@maa.org (model), $0.0005
[316/1327] Filmmakers Workshop (NYU)... no email found, $0.0000
[317/1327] Garcia Summer Research Program... garciaresearch@stonybrook.edu (model), $0.0005
[318/1327] Breakthrough Junior Challenge... no email found, $0.0000
[319/1327] Summer Engineering Experience (SEE)... no email found, $0.0000
[320/1327] STEM Academy... STEMACADEMY@jhuapl.edu (model), $0.0005
[321/1327] College Prep Scholars Program... no email found, $0.0000
[322/1327] Bug Camp (UMD)... bugcamp@umd.edu (model), $0.0005
[323/1327] Summer Research Program (SRP)... simonedu@iu.edu (regex), $0.0000
[324/1327] RISD Pre-College... no email found, $0.0000
[325/1327] CreateTech Camp... no email found, $0.0000
[326/1327] Bentley University Analytics Academy... no email found, $0.0000
[327/1327] CURE Internship... no email found, $0.0000
[328/1327] Genomics Research Internship Program at Stanford (GRIPS... grips-program@stanford.edu (regex), $0.0000
[329/1327] Self-Directed Research Program... no email found, $0.0000
[330/1327] Wharton Global Youth Program... no email found, $0.0000
[331/1327] Pathways to Science Summer Scholars... handsome.dan@yale.edu (regex), $0.0000
[332/1327] WIE Rise Summer Research... jakuntz@umd.edu (regex), $0.0000
[333/1327] Summer Stem Academy... no email found, $0.0000
[334/1327] Experience OU... no email found, $0.0000
[335/1327] Blum Center at UCI... blumcenter@uci.edu (regex), $0.0000
[336/1327] High School Honors... stpartnr@bu.edu (regex), $0.0000
[337/1327] NYU Career Edge High School Summer Program... sps.hsacademy@nyu.edu (regex), $0.0000
[338/1327] Engineering Virtual Summer Program (UMD)... summerengr@umd.edu (regex), $0.0000
[339/1327] Toshiba/NSTA ExploraVision... no email found, $0.0000
[340/1327] Discover Biomedical Research Summer Program... jaedyn.embry@vanderbilt.edu (model), $0.0007
[341/1327] Duke Pre-College Summer Residential Program... no email found, $0.0000
[342/1327] Summer Scholars... precoll@nd.edu (regex), $0.0000
[343/1327] AMRI High School Summer Research Program... no email found, $0.0000
[344/1327] Rice University Pre-College Program... support@precollege.rice.edu (model), $0.0005
[345/1327] Food Science Camp (Oregon State University STEM Academy... no email found, $0.0000
[346/1327] NYU Precollege Program... no email found, $0.0000
[347/1327] International Space Settlement Design Competition... ty.white@spaceset.org (model), $0.0005
[348/1327] High School Internship Program... no email found, $0.0000
[349/1327] American Junior Academy of Sciences (AJAS) Annual Confe... no email found, $0.0000
[350/1327] XR Through Virtual Worlds... no email found, $0.0000
[351/1327] State Pre-College Enrichment Program (S-PREP)... sprep-ps@cumc.columbia.edu (regex), $0.0000
[352/1327] Exploring Frontiers... eloisehyman@uchicago.edu (model), $0.0005
[353/1327] Advanced Bacteriophage Therapy – An Alternative to Anti... no email found, $0.0000
[354/1327] OSU... accessibility@osu.edu (regex), $0.0000
[355/1327] IGNITEWV Business Competition... no email found, $0.0000
[356/1327] Health Careers Institute at Dartmouth... Alicia.L.Battle@Dartmouth.edu (regex), $0.0000
[357/1327] Visiting Owls... no email found, $0.0000
[358/1327] National Youth Science Camp... nyscamp@nysacademy.org (model), $0.0005
[359/1327] Threading the Past + Present... no email found, $0.0005
[360/1327] High School Intern Program (UCSF)... Lakisha.witzel@ucsf.edu (model), $0.0005
[361/1327] Missouri S&T Nuclear Engineering Summer Camp... nuclear@mst.edu (model), $0.0005
[362/1327] Computational Biology Pre-College... compbio-precollege@andrew.cmu.edu (model), $0.0005
[363/1327] Life Sciences Career Lab... no email found, $0.0000
[364/1327] Princeton University Preparatory Program (PUPP)... no email found, $0.0000
[365/1327] International Young Researchers' Conference (IYRC)... no email found, $0.0000
[366/1327] International Relations Academy... highschool@georgetown.edu (model), $0.0005
[367/1327] ARISE UWCCC Summer High School Cancer Research... education@cancer.wisc.edu (model), $0.0005
[368/1327] UBMS Summer Program... no email found, $0.0005
[369/1327] Siemens Competition in Math, Science & Technology... no email found, $0.0000
[370/1327] Leadership Institute for Future Teachers (LIFT)... no email found, $0.0000
[371/1327] CED Build Camp (UCB)... summer-institutes@berkeley.edu (model), $0.0007
[372/1327] ASPIRE... no email found, $0.0000
[373/1327] Vanderbilt University... shire@vanderbilt.edu (regex), $0.0000
[374/1327] Immersive Summer: Interacting with Technology and Engin... no email found, $0.0000
[375/1327] OSU... asc-accessibility@osu.edu (regex), $0.0000
[376/1327] Appalachian STEM Academy at Oak Ridge... no email found, $0.0000
[377/1327] Young Scholars Program... no email found, $0.0000
[378/1327] Georgetown Pre-College Summer High School Sessions... highschool@georgetown.edu (model), $0.0005
[379/1327] AMC 10 & 12... amcinfo@maa.org (model), $0.0005
[380/1327] 3-Week Medical Academy... highschool@georgetown.edu (model), $0.0005
[381/1327] Stones & Bones Program... summersession@uchicago.edu (regex), $0.0000
[382/1327] Extended Studies (UCSD) - Futures... no email found, $0.0000
[383/1327] Advanced Science Ambassador Program... info@asciencepro.org (regex), $0.0000
[384/1327] CCRI - Land Surface Temperature via Satellite and Remot... no email found, $0.0000
[385/1327] Yale Young Global Scholars... no email found, $0.0000
[386/1327] AgTech Research Intern... no email found, $0.0000
[387/1327] Fleischer Scholars Summer Program... no email found, $0.0000
[388/1327] JumpstART... no email found, $0.0000
[389/1327] Teen Interns at the MIT Museum... no email found, $0.0000
[390/1327] Shadow Program (Stanford IFSS)... chemistry-ifss@stanford.edu (regex), $0.0000
[391/1327] Rosetta Institute of Biomedical Research Summer Camps... no email found, $0.0000
[392/1327] Young Investigators... ggamble@stanford.edu (model), $0.0005
[393/1327] Cool Science Art Competition... coolscience@uml.edu (regex), $0.0000
[394/1327] CEAT - Automation and Robotics Discovery... no email found, $0.0000
[395/1327] Collegiate Seminar Program... no email found, $0.0000
[396/1327] College Bridge (Northwestern)... collegebridge@northwestern.edu (model), $0.0005
[397/1327] ArcStart... no email found, $0.0000
[398/1327] AI Bootcamp... no email found, $0.0000
[399/1327] Design Media Arts Summer Institute... no email found, $0.0000
[400/1327] MIT PRIMES (Program for Research in Mathematics, Engine... help@math.mit.edu (model), $0.0005
[401/1327] Fire Protection Discovery Program... no email found, $0.0000
[402/1327] Stanford Clinical Summer Internship... no email found, $0.0000
[403/1327] Art Camp (PSU)... no email found, $0.0000
[404/1327] Advanced Studies Program (ASP) at St. Paul's School... mtaffe@sps.edu (regex), $0.0000
[405/1327] Social Justice Internship... jtucker7@luc.edu (model), $0.0005
[406/1327] CityLab Biotechnology SummerLab... no email found, $0.0005
[407/1327] Art & Design Pre-College (UChicago)... summersession@uchicago.edu (regex), $0.0000
[408/1327] Wharton Global High School Investment Competition... no email found, $0.0000
[409/1327] Summer Session (University of California, San Diego)... no email found, $0.0000
[410/1327] ENLACE Summer Research... enlace@ucsd.edu (regex), $0.0000
[411/1327] Conrad Challenge... no email found, $0.0000
[412/1327] Artificial Intelligence Bootcamp... aimicenter@stanford.edu (regex), $0.0000
[413/1327] Bentley University... precollege@bentley.edu (regex), $0.0000
[414/1327] Auburn University Engineering Summer Camp... futureengineer@eng.auburn.edu (model), $0.0005
[415/1327] Congressional Art Competition... no email found, $0.0000
[416/1327] Biomedical Research Internship... no email found, $0.0000
[417/1327] Network For Teaching Entrepreneurship (Rutgers)... no email found, $0.0000
[418/1327] CURE - Summer Only (Harvard)... iecd@partners.org (model), $0.0005
[419/1327] Biophysics Research for Baltimore Teens... no email found, $0.0000
[420/1327] Byrd High School Summer Internship... byrd-contact@osu.edu (model), $0.0005
[421/1327] Joy of Coding... joyofcoding@umich.edu (regex), $0.0000
[422/1327] SYCCL (Stony Brook)... no email found, $0.0000
[423/1327] MIT Beaver Works Summer Institute (BWSI)... llbw-info@ll.mit.edu (regex), $0.0000
[424/1327] Bowdoin International Music Festival... info@bowdoinfestival.org (model), $0.0005
[425/1327] Branding & Marketing Program (UVA)... no email found, $0.0000
[426/1327] Biomedical Research Lectures (Stanford EXPLORE)... no email found, $0.0000
[427/1327] Summer Youth Academies... cceinfo@csus.edu (regex), $0.0000
[428/1327] Stanford Pre-Collegiate Summer Institutes... no email found, $0.0000
[429/1327] Vanderbilt Summer Academy... pty.peabody@vanderbilt.edu (regex), $0.0000
[430/1327] RITMS Summer Research Program... ritms@rbhs.rutgers.edu (model), $0.0005
[431/1327] Biotechnology for Science & Health Academy... highschool@georgetown.edu (model), $0.0005
[432/1327] TRIO Upward Bound Math & Science (UNLV)... ubapplication@unlv.edu (model), $0.0007
[433/1327] Student Research Internships... no email found, $0.0000
[434/1327] Emerging Rural Leaders I... summersession@uchicago.edu (regex), $0.0000
[435/1327] Study How the U.S. Political System Works (Georgetown)... support@precollegeonline.georgetown.edu (model), $0.0005
[436/1327] Cellular Construction Workshop... sep.info@ucsf.edu (regex), $0.0000
[437/1327] Young Scholars Program REACH... chudler@uw.edu (regex), $0.0000
[438/1327] Summer Bridge Program (Oklahoma State)... no email found, $0.0000
[439/1327] Summer Student Academy... no email found, $0.0000
[440/1327] Precollege Academic Campus Experience (PACE)... PACE@precollege.wisc.edu (model), $0.0005
[441/1327] Emerging Engineer Camp... cmenden6@kent.edu (model), $0.0005
[442/1327] Columbia... no email found, $0.0000
[443/1327] Coding for Game Design (NYU)... create.gamedesign@nyu.edu (regex), $0.0000
[444/1327] Camp Shule (UMD)... nyumburu@umd.edu (model), $0.0005
[445/1327] American Invitational Mathematics Examination (AIME)... amcinfo@maa.org (model), $0.0005
[446/1327] College Bridge (UChicago)... summersession@uchicago.edu (regex), $0.0000
[447/1327] Doodle for Google... no email found, $0.0000
[448/1327] CED embARC Design Academy... embarc@berkeley.edu (regex), $0.0000
[449/1327] Changemakers Pre-College (UCB)... no email found, $0.0000
[450/1327] NextGen High School Internship... next_gen@emory.edu (regex), $0.0000
[451/1327] Chicano Latino Youth Leadership Project - Los Angeles I... lai@clylp.org (regex), $0.0000
[452/1327] STEM @GTRI High School Summer Internship... support.hsi.stem@gtri.gatech.edu (regex), $0.0000
[453/1327] Neuroscience Internship (Stanford HARRIS)... jablanch@stanford.edu (model), $0.0005
[454/1327] Welch Summer Scholar Program (UTA)... no email found, $0.0000
[455/1327] Choir Camp (UTA)... no email found, $0.0000
[456/1327] Civic Engagement Leadership Academy... no email found, $0.0000
[457/1327] DaVinci Summer Camp (Caltech)... contactus@davinci-camp.com (regex), $0.0000
[458/1327] Civic Leadership Institute... ctd-admissions@northwestern.edu (model), $0.0005
[459/1327] Dentistry Saturday Academy... no email found, $0.0000
[460/1327] Summer Opportunity Program... no email found, $0.0000
[461/1327] CMIMC Math Competition (CMU)... cmimc.info@gmail.com (regex), $0.0000
[462/1327] SpHERES High School Research Program... no email found, $0.0000
[463/1327] Discover Architecture... eabosch2@illinois.edu (model), $0.0005
[464/1327] Stanford Math Tournament... info@StanfordMathTournament.org (regex), $0.0000
[465/1327] Discovery Program... no email found, $0.0000
[466/1327] College Prep Program (Northwestern)... no email found, $0.0000
[467/1327] Neuroscience Camp for High School Students... ied26@drexel.edu (regex), $0.0000
[468/1327] Discovering STEM in ACES Program (DSAP)... aces@illinois.edu (regex), $0.0000
[469/1327] Doodle for Google... no email found, $0.0000
[470/1327] Smithsonian Digital Volunteers Program... no email found, $0.0000
[471/1327] KU Cancer Center Summer Research Program... lharlan-williams@kumc.edu (model), $0.0005
[472/1327] Economics Policy Academy... highschool@georgetown.edu (model), $0.0005
[473/1327] Business Basics... webteam@wsb.wisc.edu (regex), $0.0000
[474/1327] NGN Hacks 2026... info@ngnhacks.ca (regex), $0.0000
[475/1327] Pre-College Summer Academies... accessibility@rutgers.edu (regex), $0.0000
[476/1327] TRIO Pre-College (UCR)... trio@ucr.edu (model), $0.0005
[477/1327] University of Arizona Summer Engineering Academy (SEA)... engr-sea@arizona.edu (model), $0.0005
[478/1327] Engineering & CS Camp... summercamps@uteach.utexas.edu (model), $0.0006
[479/1327] Engineering Design Summer Institute... no email found, $0.0000
[480/1327] Cooper Union... no email found, $0.0000
[481/1327] Summer Academy (Meta)... no email found, $0.0000
[482/1327] Kenyon Review Young Writers Residential Workshop... no email found, $0.0000
[483/1327] iD Tech Camps... hello@iDTech.com (model), $0.0005
[484/1327] Toshiba/NSTA ExploraVision... no email found, $0.0000
[485/1327] Summer School for Mathematics & Science (COSMOS)... no email found, $0.0000
[486/1327] Fashion Technology Summer Program (UTAUS)... brandon.crabtree@austin.utexas.edu (model), $0.0005
[487/1327] Summer Student Program... no email found, $0.0005
[488/1327] Summer Actor Training (AADA)... no email found, $0.0000
[489/1327] PATHS-UP Young Scholar (Rice)... no email found, $0.0000
[490/1327] Summer College... highschool@georgetown.edu (model), $0.0005
[491/1327] Discover Accounting... no email found, $0.0000
[492/1327] Summer at Tisch... mosescsa@nyu.edu (regex), $0.0000
[493/1327] NASA OSTEM Virtual Internships... no email found, $0.0000
[494/1327] U.S. National Chemistry Olympiad... no email found, $0.0000
[495/1327] MIT Beaver Works Summer Institute (BWSI)... bwsi-admin@mit.edu (model), $0.0005
[496/1327] Georgia Tech STEP Program... info@ae.gatech.edu (model), $0.0005
[497/1327] Duke's Summer Training in Academic Research (STAR) Prog... thecenter@duke.edu (regex), $0.0000
[498/1327] VEX Robotics Competition... support@recf.org (model), $0.0006
[499/1327] GSTEM... no email found, $0.0000
[500/1327] GSTEM Online Data Science (NYU)... no email found, $0.0000
[501/1327] Global Youth Entrepreneurship Challenge... no email found, $0.0000
[502/1327] Earthquake Program... no email found, $0.0000
[503/1327] Summer Veterinary Experience... vetmed@oregonstate.edu (regex), $0.0000
[504/1327] Journalism Institute (Northwestern)... no email found, $0.0000
[505/1327] DUNE Neuroscience Experience... duneprogram@duke.edu (model), $0.0005
[506/1327] Emerging World Leaders... summersession@uchicago.edu (regex), $0.0000
[507/1327] Eco-Marathon Competition... no email found, $0.0000
[508/1327] GU... somdiversityandinclusion@georgetown.edu (regex), $0.0000
[509/1327] Bellisario College of Communications Summer Camps... no email found, $0.0006
[510/1327] Engineering Possibilities in College... epic@calpoly.edu (regex), $0.0000
[511/1327] Health Professions Recruitment & Exposure Program (HPRE... medcommunications@northwestern.edu (regex), $0.0000
[512/1327] Healthcare Exploration... Nancy.Preskop@RoswellPark.org (regex), $0.0000
[513/1327] GEnYuS... no email found, $0.0000
[514/1327] SAGE LLNL... stem-education@llnl.gov (regex), $0.0000
[515/1327] Google CS Summer Institute (CSSI)... no email found, $0.0000
[516/1327] Jackson Laboratory Summer Student Program... no email found, $0.0005
[517/1327] GUIC Summer Camp... no email found, $0.0000
[518/1327] Summer Concert Camp (UTA)... no email found, $0.0000
[519/1327] Inspire Pre-College Program... no email found, $0.0000
[520/1327] HealthLink... no email found, $0.0000
[521/1327] Pre-College Program in American History... no email found, $0.0000
[522/1327] Museum Education and Employment Program (MEEP)... no email found, $0.0000
[523/1327] Mathematics Project (Rice)... no email found, $0.0000
[524/1327] Mayo Clinic... flaspark@mayo.edu (regex), $0.0000
[525/1327] International Journal of High School Research... editor.ijhsr@yahoo.com (model), $0.0005
[526/1327] University of Florida Student Science Training Program ... sstp@cpet.ufl.edu (model), $0.0006
[527/1327] GEMS... armystemoutreach@gmail.com (regex), $0.0000
[528/1327] Journal of High School Science... no email found, $0.0000
[529/1327] FAA Summer Intensive... wllmscn2@illinois.edu (model), $0.0005
[530/1327] Youth Leadership Program... aau@aaunited.org (regex), $0.0000
[531/1327] NIST Summer High School Internship Program (SHIP)... no email found, $0.0000
[532/1327] HighTech Bound... hdukeman@iol.unh.edu (model), $0.0005
[533/1327] Morse Summer Music Academy... musicinschools@yale.edu (model), $0.0005
[534/1327] Stanford Medical Youth Science Program (SMYSP)... no email found, $0.0000
[535/1327] Arizona Orthopedic Internship Opportunities... no email found, $0.0000
[536/1327] Host-Microbe Mutualism (UMass)... no email found, $0.0000
[537/1327] Boys State / Girls State... no email found, $0.0000
[538/1327] Summer Internship Program... no email found, $0.0000
[539/1327] Learn How Investors Create Wealth... support@precollegeonline.georgetown.edu (model), $0.0005
[540/1327] Ignite Your Passion for International Law (Georgetown)... support@precollegeonline.georgetown.edu (model), $0.0005
[541/1327] TASS Summer Seminar (Telluride)... no email found, $0.0000
[542/1327] Pre-College Residential Programs at UMass Amherst... no email found, $0.0000
[543/1327] Intensive Law Program (Stanford SLSI)... envisioninfo@envisionexperience.com (model), $0.0005
[544/1327] iCLEM (Introductory College Level Experience in Microbi... no email found, $0.0000
[545/1327] Livestock Science Camp... LivestockScienceCamp@gmail.com (regex), $0.0000
[546/1327] Student Leaders... no email found, $0.0000
[547/1327] Siblinghood Academy... cielito@sadienash.org (regex), $0.0000
[548/1327] YES for CURE... iecd@partners.org (model), $0.0005
[549/1327] Next Generation STEM Internship Program (NGSI)... education@ornl.gov (regex), $0.0000
[550/1327] UNLV Nurse Camp... no email found, $0.0000
[551/1327] Summer Session... precollege@andrew.cmu.edu (regex), $0.0000
[552/1327] Summer Scholars Program... webhelp@nmu.edu (regex), $0.0000
[553/1327] Summer Online Program (UChicago)... summersession@uchicago.edu (regex), $0.0000
[554/1327] Fordham University Pre-College Program... no email found, $0.0000
[555/1327] Junior Business Badgers... webteam@wsb.wisc.edu (regex), $0.0000
[556/1327] National Speech & Debate Association Tournaments... info@speechanddebate.org (regex), $0.0000
[557/1327] ISYM Programs (UIUC)... music@illinois.edu (regex), $0.0000
[558/1327] Discovering Engineering... summerengr@umd.edu (regex), $0.0000
[559/1327] NYU GSTEM... gstem@courant.nyu.edu (regex), $0.0000
[560/1327] Junior Science & Humanities... admin@jshs.org (regex), $0.0000
[561/1327] Summer Journalism... journalism.summer@nyu.edu (model), $0.0005
[562/1327] Lamont Summer High School Opportunities... no email found, $0.0000
[563/1327] Penn State Behrend LEADS Program... no email found, $0.0000
[564/1327] OSU... ma2jic@osu.edu (model), $0.0005
[565/1327] OUHSC... comace@ou.edu (regex), $0.0000
[566/1327] Leadership Scholars... charlie@sadienash.org (regex), $0.0000
[567/1327] Women's Technology... no email found, $0.0005
[568/1327] Summer Songwriters Workshop... nyusongwriting@nyu.edu (model), $0.0006
[569/1327] Bridges to Social Justice Academy... highschool@georgetown.edu (model), $0.0005
[570/1327] Leadership Project (Summer Institute)... nashers@sadienash.org (regex), $0.0000
[571/1327] User Experience Design... no email found, $0.0000
[572/1327] Barnard Pre-College Summer Programs... pcp@barnard.edu (regex), $0.0000
[573/1327] YTI Online... no email found, $0.0000
[574/1327] Pre-Collegiate Summer Scholars Program... coursenroll@cornell.edu (model), $0.0005
[575/1327] Med-Start Health Program... no email found, $0.0000
[576/1327] Math Meet... no email found, $0.0000
[577/1327] Pre-College Programs... precollegeonline@usc.edu (model), $0.0005
[578/1327] Pre-College Connect... summersession@uchicago.edu (regex), $0.0000
[579/1327] PGSS... contact@pgsscampaign.org (regex), $0.0000
[580/1327] Mathematics Program... promys@bu.edu (regex), $0.0000
[581/1327] Pre-College Studies... cusce@cornell.edu (model), $0.0005
[582/1327] R Programming & Machine Learning Camp... info@mircore.org (regex), $0.0000
[583/1327] PUMaC Math Competition... pumac@math.princeton.edu (model), $0.0005
[584/1327] Medical Youth Science Program... no email found, $0.0000
[585/1327] Program for Automation Robotics and Coding... no email found, $0.0000
[586/1327] Summer Science Academy... som-ssa@emory.edu (regex), $0.0000
[587/1327] Quantum School... iqc.qsys@uwaterloo.ca (regex), $0.0000
[588/1327] Computer Science Summer Academics... academies@cs.utexas.edu (model), $0.0006
[589/1327] Reconstructive Surgery Internship... no email found, $0.0000
[590/1327] TechCrafters... no email found, $0.0000
[591/1327] Fall STEM Camp... no email found, $0.0000
[592/1327] FtRi Research... no email found, $0.0005
[593/1327] Reischhauer Program... sishi@stanford.edu (regex), $0.0000
[594/1327] Music Technology & Production Camp... no email found, $0.0000
[595/1327] FAU... no email found, $0.0000
[596/1327] Medicine Summer Research Program... no email found, $0.0000
[597/1327] RIBS - Research in Biological Sciences... summersession@uchicago.edu (regex), $0.0000
[598/1327] Rice University... brake@rice.edu (regex), $0.0000
[599/1327] CMM Math Tournament... chmmc-help@caltech.edu (regex), $0.0000
[600/1327] Creative Writing Academy... highschool@georgetown.edu (model), $0.0005
[601/1327] Robotics Competition... no email found, $0.0000
[602/1327] Trails AI... catalyst_k12@umd.edu (model), $0.0006
[603/1327] Summer Entrepreneurship Program... no email found, $0.0000
[604/1327] National High School Game Academy... gcklug@andrew.cmu.edu (model), $0.0005
[605/1327] National Security Language Initiative... no email found, $0.0000
[606/1327] Advance Pre-College Program... UVaAdvance@virginia.edu (model), $0.0005
[607/1327] Clinical Summer Internship... no email found, $0.0000
[608/1327] Digital Marketing Academy... info@summerdiscovery.com (regex), $0.0000
[609/1327] Virtual "Processing" Camp... no email found, $0.0000
[610/1327] Neubauer Family Summer Scholars... summersession@uchicago.edu (regex), $0.0000
[611/1327] Michigan State University... no email found, $0.0000
[612/1327] MOP Mathematical Olympiad Summer Program... no email found, $0.0000
[613/1327] Neuroscience Immersion... no email found, $0.0000
[614/1327] Kimberly Querrey Research... no email found, $0.0000
[615/1327] Discover the Exciting World of Surgery... support@precollegeonline.georgetown.edu (model), $0.0005
[616/1327] Fellows Scholarship Competition... DavidsonFellows@DavidsonGifted.org (model), $0.0005
[617/1327] Scientific Training and Enrichment Program... no email found, $0.0000
[618/1327] Bound Summer Program... no email found, $0.0000
[619/1327] Summer Healthcare Experience... rkdo@hs.uci.edu (regex), $0.0000
[620/1327] SEAD... no email found, $0.0000
[621/1327] Washington & the World Academy... highschool@georgetown.edu (model), $0.0005
[622/1327] Bridge Building Contest... segre@illinoistech.edu (regex), $0.0000
[623/1327] Big Idea Competition... no email found, $0.0000
[624/1327] Summer Academy... info@nytedu.com (regex), $0.0000
[625/1327] PME University of Chicago... pme-outreach@uchicago.edu (regex), $0.0000
[626/1327] Lemelson-MIT InvenTeams... info-lemelson@mit.edu (regex), $0.0000
[627/1327] Badger Summer Scholars... info@precollege.wisc.edu (regex), $0.0000
[628/1327] Entrepreneurship Challenge... info@diamondchallenge.org (regex), $0.0000
[629/1327] Research Experience Program... no email found, $0.0000
[630/1327] Big Sky Leadership Forum... beagriz@umontana.edu (model), $0.0005
[631/1327] Davidson Fellows Scholarship... DavidsonFellows@DavidsonGifted.org (model), $0.0005
[632/1327] Cardiothoracic Surgical Skills... no email found, $0.0000
[633/1327] Pre-College... precollege@nysid.edu (model), $0.0005
[634/1327] Emory & Henry College... skitts@emoryhenry.edu (model), $0.0006
[635/1327] The Concord Review Essay Submission... evans@tcr.org (regex), $0.0000
[636/1327] Learn To Be Volunteer Tutor... no email found, $0.0000
[637/1327] CReSIS... cresis_info@ku.edu (model), $0.0005
[638/1327] CED Summer Institute... summer-institutes@berkeley.edu (model), $0.0005
[639/1327] Harvard Science Research Conference... president@hcura.org" (regex), $0.0000
[640/1327] Entrepreneurship Competition... no email found, $0.0000
[641/1327] Plant Signal Transduction and Reproduction... no email found, $0.0000
[642/1327] Summer Stem... no email found, $0.0005
[643/1327] Sustainable Energy Engineering... no email found, $0.0000
[644/1327] Nursing Academy... highschool@georgetown.edu (model), $0.0005
[645/1327] IEEE MIT Undergraduate Research Technology Conference... ieee-ucc-chairs@mit.edu (regex), $0.0000
[646/1327] Summer Art Intensive... art-dept-summer-art-intensive@nyu.edu (regex), $0.0000
[647/1327] Pre-College (SVA)... precollege@sva.edu (model), $0.0005
[648/1327] Colorado School of Mines... no email found, $0.0000
[649/1327] IEEE Integrated STEM Education Conference... no email found, $0.0000
[650/1327] Cyber Patriot Competition... info@uscyberpatriot.org (model), $0.0005
[651/1327] Discover Nursing and Its Vital Role in Healthcare... support@precollegeonline.georgetown.edu (model), $0.0005
[652/1327] Young Nebraska Scientists (YNS) High School Programs... no email found, $0.0000
[653/1327] Design, Invent & Innovate... no email found, $0.0000
[654/1327] Carnegie Youth Fellowship... no email found, $0.0000
[655/1327] Penn Medicine Summer Program... info@boldsummers.com (regex), $0.0000
[656/1327] College of Design Pre-College... no email found, $0.0000
[657/1327] STRIDE Bioengineering (UCR)... stride@engr.ucr.edu (regex), $0.0000
[658/1327] Democracy Scholars... no email found, $0.0000
[659/1327] BRI Student Fellowship... ASimone@mybri.org (model), $0.0005
[660/1327] Blue Ocean Student Entrepreneur Competition... no email found, $0.0000
[661/1327] Discovery to Cure Program... no email found, $0.0000
[662/1327] Ellen Brenner Internship... no email found, $0.0000
[663/1327] Young Entrepreneurs Academy (YEA!)... info@yeausa.org (regex), $0.0000
[664/1327] Engineering Program... istem@stonybrook.edu (regex), $0.0000
[665/1327] Consider Engineering Summer Camp... info@umaineppf.org (regex), $0.0000
[666/1327] Forensics Exploration... istem@stonybrook.edu (regex), $0.0000
[667/1327] Future Scholars... accessibility@rutgers.edu (regex), $0.0000
[668/1327] Pre-Health Shadowing Program... no email found, $0.0000
[669/1327] Pipeline Dreams: High School... karisa@patientsrwaiting.com (model), $0.0005
[670/1327] Georgetown University... hernandy@georgetown.edu (model), $0.0005
[671/1327] NYC Residential Summer... no email found, $0.0000
[672/1327] SMASH Academy... devo@smash.org (regex), $0.0000
[673/1327] High School Scholars... ncpa@unl.edu (model), $0.0005
[674/1327] Broad Summer Scholars Program... no email found, $0.0000
[675/1327] High School Space Exploration Camp... no email found, $0.0000
[676/1327] NYLF Medicine & Health Care... envisioninfo@envisionexperience.com (model), $0.0005
[677/1327] Speech & Debate Tournament... info@speechanddebate.org (regex), $0.0000
[678/1327] IFAL... ncfbIFAL@ncfb.org (regex), $0.0000
[679/1327] Summer Program... no email found, $0.0000
[680/1327] SCENE High School Program... no email found, $0.0000
[681/1327] Investigation and Training in Careers in Health... no email found, $0.0000
[682/1327] JSEP... no email found, $0.0000
[683/1327] Online Leadership Intensive... ctd-admissions@northwestern.edu (model), $0.0005
[684/1327] LSU... no email found, $0.0000
[685/1327] Advanced Physics Summer Program... physicscamps@umd.edu (model), $0.0005
[686/1327] ACE Mentor Program of Washington (Seattle)... SeattleWA@acementor.org (model), $0.0005
[687/1327] SPS High School Academy... no email found, $0.0000
[688/1327] Math Program... enroll@stonybrook.edu (model), $0.0006
[689/1327] Precollege Summer Institutes... no email found, $0.0000
[690/1327] Miami SAO... no email found, $0.0000
[691/1327] National Academic League... no email found, $0.0000
[692/1327] Microbiology Camp... no email found, $0.0000
[693/1327] NC State University... no email found, $0.0000
[694/1327] Online Summer... no email found, $0.0000
[695/1327] NM GCM Grosvenor Program... no email found, $0.0000
[696/1327] Inspiring the Next Generation of Women in Physics... no email found, $0.0000
[697/1327] Citizen Entrepreneurship Competition... no email found, $0.0000
[698/1327] NURPH... nurph@u.northwestern.edu (regex), $0.0000
[699/1327] OU Health... SCCCRTEC@ouhsc.edu (model), $0.0005
[700/1327] Parrhesia Ambassador Program... summersession@uchicago.edu (regex), $0.0000
[701/1327] Poultry Summer Science Institute... no email found, $0.0000
[702/1327] UNITE... no email found, $0.0000
[703/1327] Congressional App Challenge... no email found, $0.0000
[704/1327] Pre-College... Info@summer.ucsb.edu (regex), $0.0000
[705/1327] Challenging Academically Talented Students... no email found, $0.0000
[706/1327] Research Intern... no email found, $0.0000
[707/1327] Imagine Cup... no email found, $0.0000
[708/1327] Summer Session (Yale)... summer.session@yale.edu (regex), $0.0000
[709/1327] Quantum Quickstart... summersession@uchicago.edu (regex), $0.0000
[710/1327] Red Hat Shelton Challenge... no email found, $0.0000
[711/1327] Law Academy... highschool@georgetown.edu (model), $0.0005
[712/1327] Research Immersion in Materials Science and Engineering... no email found, $0.0000
[713/1327] Research Scholars Program... no email found, $0.0000
[714/1327] CAALS3D... no email found, $0.0000
[715/1327] Foreign Policy Academy... highschool@georgetown.edu (model), $0.0005
[716/1327] Rural Medicine Summer Academy... no email found, $0.0005
[717/1327] Scholastic Press Association... no email found, $0.0000
[718/1327] Science of Smart Cities... no email found, $0.0000
[719/1327] Princeton Summer Journalism Program... no email found, $0.0000
[720/1327] SCUBA Summer Coding... careers@codeyourdreams.org (regex), $0.0000
[721/1327] CBI High School Research Internship Program... researchengagement@nd.edu (model), $0.0005
[722/1327] Senate Page Program... SenatePageProgram@saa.senate.gov (model), $0.0005
[723/1327] Fellowship Program... youthbridgeny@gmail.com (regex), $0.0000
[724/1327] Debate and Public Speaking Intensive... no email found, $0.0000
[725/1327] Experiences in Research (EinR)... no email found, $0.0000
[726/1327] FPE Summer Camp... nlholly@umd.edu (regex), $0.0000
[727/1327] Speech & Debate... help@tabroom.com (regex), $0.0000
[728/1327] Gear Up... lorena.guzman@unlv.edu (model), $0.0006
[729/1327] Speech & Debate Camp... no email found, $0.0000
[730/1327] Sports Industry Management Academy... highschool@georgetown.edu (model), $0.0005
[731/1327] Computational Biology Research (UMich)... camp@mircore.org (regex), $0.0000
[732/1327] AwesomeMath Summer Program... admin@awesomemath.org (regex), $0.0000
[733/1327] Summer Academic Research Experience... phamm@jhu.edu (model), $0.0005
[734/1327] Colgate University... no email found, $0.0000
[735/1327] Summer Academy... scontente@rwu.edu (regex), $0.0000
[736/1327] Solve For Tomorrow... SolveforTomorrow@sea.samsung.com (regex), $0.0000
[737/1327] Technician Education for Careers out of High School (TE... no email found, $0.0000
[738/1327] Pre-College Flute... music@illinois.edu (regex), $0.0000
[739/1327] Summer College Opportunity Program... no email found, $0.0000
[740/1327] Summer Debate Program... no email found, $0.0000
[741/1327] Summer Humanities... no email found, $0.0000
[742/1327] Climate Science at UNL (YNS)... no email found, $0.0000
[743/1327] Emerging Rural Leaders II (UChicago)... summersession@uchicago.edu (regex), $0.0000
[744/1327] Drama Pre-College... cmudramapc@andrew.cmu.edu (model), $0.0005
[745/1327] Summer Language Institute... summer@umd.edu (regex), $0.0000
[746/1327] Summer Internship... no email found, $0.0000
[747/1327] Environmental Sciences Programs (UCD)... no email found, $0.0000
[748/1327] Summer Springboard (UCSD)... info@summerspringboard.com (regex), $0.0000
[749/1327] NC Youth Institute... liz_driscoll@ncsu.edu (model), $0.0005
[750/1327] Summer Seminar... no email found, $0.0005
[751/1327] Summer Science & Engineering Program... summerprecollege@smith.edu (model), $0.0005
[752/1327] Research Experiences in Astronomy at CIERA for High Sch... ciera-hsprogram@northwestern.edu (regex), $0.0000
[753/1327] Swarthmore College... discover@swarthmore.edu (regex), $0.0000
[754/1327] Summer Sessions... summer@berkeley.edu (regex), $0.0000
[755/1327] SVRA Research and Data Analysis Intern... no email found, $0.0000
[756/1327] STEM + M Connect... SciEd@tufts.edu (regex), $0.0000
[757/1327] Junior Doctors of Tomorrow... acpp@fiu.edu (regex), $0.0000
[758/1327] Fordham University Summer High School Program (Real Est... no email found, $0.0000
[759/1327] Summer Camp... guestservices@grammymuseum.org (regex), $0.0000
[760/1327] UConn... onestop@uconn.edu (regex), $0.0000
[761/1327] Design Lab Program... no email found, $0.0000
[762/1327] Summer Experience... no email found, $0.0004
[763/1327] University of Minnesota... no email found, $0.0000
[764/1327] UMBC... extendedlearning@umbc.edu (regex), $0.0000
[765/1327] Cornell University... no email found, $0.0000
[766/1327] University of Colorado Denver... gencyber@ucdenver.edu (regex), $0.0000
[767/1327] CSU... s.tussing@csuohio.edu (model), $0.0005
[768/1327] Summer Scholar Program... sscholar@hawaii.edu (model), $0.0006
[769/1327] University of Wisconsin-Madison... esp@engr.wisc.edu (model), $0.0005
[770/1327] USAFA... mailto:jana.weiner@afacademy.af.edu (regex), $0.0000
[771/1327] University of Utah... office@science.utah.edu (regex), $0.0000
[772/1327] Pre-College (Stevens Institute)... no email found, $0.0000
[773/1327] Stanford Anesthesia Summer Institute (Stanford SASI)... no email found, $0.0000
[774/1327] Summer Session... no email found, $0.0000
[775/1327] UTEP... excites@utep.edu (regex), $0.0000
[776/1327] Veterinary Sciences Programs... no email found, $0.0000
[777/1327] CU Boulder... Aquetza@colorado.edu (regex), $0.0000
[778/1327] Blue Ocean Competition... no email found, $0.0000
[779/1327] MIT PRIMES... help@math.mit.edu (model), $0.0005
[780/1327] WIE Aspire Explore Engineering... jakuntz@umd.edu (regex), $0.0000
[781/1327] William & Mary... no email found, $0.0000
[782/1327] Honors Summer Math Camp... no email found, $0.0000
[783/1327] Young Executive Scholars Hospitality and Tourism Progra... no email found, $0.0000
[784/1327] Engineering Camp... engineering.camp@bucknell.edu (model), $0.0005
[785/1327] American Regions Mathematics League (ARML)... no email found, $0.0000
[786/1327] Youth Entrepreneurship... no email found, $0.0006
[787/1327] W. P. Carey School of Business... no email found, $0.0000
[788/1327] New York Film Academy Summer Camps... no email found, $0.0000
[789/1327] Johns Hopkins University... no email found, $0.0000
[790/1327] Young Leaders Academy... mcconnell@louisville.edu (regex), $0.0000
[791/1327] FIU... sri@fiu.edu (model), $0.0005
[792/1327] Scholars Program... no email found, $0.0000
[793/1327] Big Red Camps... BigRedCamps@unl.edu (model), $0.0005
[794/1327] Summer Research (Stony Brook)... no email found, $0.0006
[795/1327] Forensic Science Camp... no email found, $0.0000
[796/1327] Evolution through Culture Camp... summersession@uchicago.edu (regex), $0.0000
[797/1327] Stanford E-Japan Program... sishi@stanford.edu (regex), $0.0000
[798/1327] Summer Research Experience... camps@pari.edu (model), $0.0005
[799/1327] Summer Challenge... stpartnr@bu.edu (regex), $0.0000
[800/1327] Health and Society Institute... pcp@barnard.edu (regex), $0.0000
[801/1327] How Cells Ensure Accurate Chromosome Segregation Intern... no email found, $0.0000
[802/1327] Start Your Journey in Medicine Here... support@precollegeonline.georgetown.edu (model), $0.0005
[803/1327] Scholars Program... sishi@stanford.edu (regex), $0.0000
[804/1327] Marching Band Camp (UTA)... no email found, $0.0000
[805/1327] American Legion Boys State... no email found, $0.0004
[806/1327] JROTC Program... no email found, $0.0000
[807/1327] Research Internships... no email found, $0.0006
[808/1327] CCRI - Urban... no email found, $0.0000
[809/1327] Summer Internship... no email found, $0.0000
[810/1327] Machine Learning Program (NYU)... no email found, $0.0000
[811/1327] HPEC Economics Challenge... no email found, $0.0000
[812/1327] Illini Summer Academies... jnhays@illinois.edu (model), $0.0005
[813/1327] International Physics Olympiad (IPhO)... iphounofficial@gmail.com (regex), $0.0000
[814/1327] MSU OsteoCHAMPS... no email found, $0.0000
[815/1327] “Blender” Camp... no email found, $0.0000
[816/1327] 1-Week Medical Academy... highschool@georgetown.edu (model), $0.0005
[817/1327] STEM Camp... sfeighery@same.org (regex), $0.0000
[818/1327] Academic Connections... academicconnections@ucsd.edu (regex), $0.0000
[819/1327] Mentor Assistance Program for High School Students (UCS... amason@ucsd.edu (regex), $0.0000
[820/1327] Stem-Rising... precollege@brown.edu (regex), $0.0000
[821/1327] Actuarial Science Camp... brewer@lvc.edu (regex), $0.0000
[822/1327] AI4ALL Internship... no email found, $0.0000
[823/1327] AIM Summer Program... Admissions@uscga.edu (regex), $0.0000
[824/1327] MERITS Program (MSGC)... no email found, $0.0000
[825/1327] Summer College Immersion Program (UCLA)... no email found, $0.0000
[826/1327] Ann Arbor Entrepreneurship... info@launchx.com (regex), $0.0000
[827/1327] Antimicrobial Drug Discovery... no email found, $0.0000
[828/1327] Annenberg Youth Academy... ascjaya@usc.edu (regex), $0.0000
[829/1327] Secondary Student Training Program (SSTP)... summer@belinblank.org (model), $0.0005
[830/1327] Summer Academy for Math & Science... events@osucascades.edu (regex), $0.0000
[831/1327] Applied Research In Science and Engineering... no email found, $0.0000
[832/1327] Architecture Pre-College... soa-preco@andrew.cmu.edu (model), $0.0005
[833/1327] Architecture Summer Immersion... no email found, $0.0000
[834/1327] Art Pre-College... brodgers@cmu.edu (model), $0.0005
[835/1327] Summer Internships... no email found, $0.0000
[836/1327] Mathematics Program (ROSS)... ross@rossprogram.org (regex), $0.0000
[837/1327] ASSIP Program... cosassip@gmu.edu (model), $0.0005
[838/1327] Bay Area Entrepreneurship... info@launchx.com (regex), $0.0000
[839/1327] Bentley University... ws101@bentley.edu (regex), $0.0000
[840/1327] NC State... no email found, $0.0000
[841/1327] National High School Institute (Northwestern)... nhsi@northwestern.edu (regex), $0.0000
[842/1327] Aspirnaut Summer Research... AspirnautUM@umich.edu (regex), $0.0000
[843/1327] Summer Scholars... no email found, $0.0000
[844/1327] Bridge Undergraduate Science Jr. Program... bugsprogram@usc.edu (model), $0.0005
[845/1327] Ladders for Leaders... no email found, $0.0000
[846/1327] Summer High School Research Academy (HSRA)... hsra@utexas.edu (model), $0.0005
[847/1327] College Summer Studies... no email found, $0.0000
[848/1327] Biotechnology Lab Techniques... istem@stonybrook.edu (regex), $0.0000
[849/1327] Scholastic Press Association Contests... gary@studentpress.org (model), $0.0005
[850/1327] J'COB College Experience Summer Program... cobexperience@ohio.edu (regex), $0.0000
[851/1327] International History Olympiad... olympiad@iacompetitions.com (regex), $0.0000
[852/1327] CCRI - Climate Change... no email found, $0.0000
[853/1327] Brown University... precollege@brown.edu (regex), $0.0000
[854/1327] Forensic Science Academy... highschool@georgetown.edu (model), $0.0005
[855/1327] North End Makerspace Community Membership and Open Hous... create@northendmakers.org (regex), $0.0000
[856/1327] Business Opportunities Summer Session... no email found, $0.0000
[857/1327] Biotechnology Intern (IALR)... no email found, $0.0000
[858/1327] Camp Arch... no email found, $0.0000
[859/1327] Global Leadership & Innovation Program... residentlife@ihouseberkeley.org (regex), $0.0000
[860/1327] College Readiness Scholars Institute... crsi-program@udel.edu (model), $0.0005
[861/1327] Summer Research Scholars Program (Lillehei Heart Instit... no email found, $0.0000
[862/1327] UC San Diego Sports Medicine Summer Academy... precollege@ucsd.edu (regex), $0.0000
[863/1327] Foundations of Psychological Research... summersession@uchicago.edu (regex), $0.0000
[864/1327] 4H-RU Program... no email found, $0.0000
[865/1327] Carver Summer Research Internship... cals_gwcintern@iastate.edu (model), $0.0005
[866/1327] Genes in Space... genesinspace@minipcr.com (regex), $0.0000
[867/1327] Odyssey of the Mind... membership@odysseyofthemind.com (model), $0.0005
[868/1327] BrainYAC (Columbia)... no email found, $0.0000
[869/1327] Citizens Thinkers Writers... no email found, $0.0000
[870/1327] Future Leaders Program... gps-flsp@ucsd.edu (model), $0.0005
[871/1327] Clarkson University... bkozsan@clarkson.edu (regex), $0.0000
[872/1327] SARAS (Stony Brook Anesthesiology Research Awakening Su... SARAS@stonybrookmedicine.edu (regex), $0.0000
[873/1327] Coding Program... no email found, $0.0000
[874/1327] College Edge: Summer... no email found, $0.0000
[875/1327] Discover the Fast-Paced World of Journalism... support@precollegeonline.georgetown.edu (model), $0.0005
[876/1327] Pre-College Program... no email found, $0.0000
[877/1327] Pre-College Program... PreCollege@Summer.Harvard.edu (model), $0.0006
[878/1327] Secondary School Program... no email found, $0.0000
[879/1327] Computer Engineering for Good... no email found, $0.0000
[880/1327] Computer Science for Cyber Security... no email found, $0.0000
[881/1327] Entrepreneurship Academy... highschool@georgetown.edu (model), $0.0005
[882/1327] Summer Research Program (Fermilab QuarkNet)... no email found, $0.0000
[883/1327] Summer Study... youthimpactlab@babson.edu (model), $0.0005
[884/1327] Sejong Korea Scholars Program... spice-sales@stanford.edu (regex), $0.0000
[885/1327] CS Scholars Pre-College... nhatcher@andrew.cmu.edu (model), $0.0005
[886/1327] Explore Cyber Threats and Security... support@precollegeonline.georgetown.edu (model), $0.0005
[887/1327] SCENE Program (SCience and ENgineering Experience)... no email found, $0.0000
[888/1327] SMU Engineering Summer Camps... javaldespino@smu.edu (regex), $0.0000
[889/1327] Destination Imagination Challenge... no email found, $0.0000
[890/1327] Discover How the Systems of the Body Work Together... support@precollegeonline.georgetown.edu (model), $0.0005
[891/1327] Future Generations of Women Leaders... no email found, $0.0000
[892/1327] TiE Young Entrepreneurs (TYE) Seattle... no email found, $0.0000
[893/1327] GENIUS Olympiad... no email found, $0.0000
[894/1327] Science Academy... no email found, $0.0000
[895/1327] NC State University... no email found, $0.0000
[896/1327] Science Internship... no email found, $0.0000
[897/1327] Research Apprentice Program... jfigueroa@uchc.edu (model), $0.0006
[898/1327] Pomona College Academy for Youth Success (PAYS)... PAYS@pomona.edu (model), $0.0005
[899/1327] Sports Business Academy (UCLA)... info@summerdiscovery.com (regex), $0.0000
[900/1327] Science Program... no email found, $0.0005
[901/1327] Keller BLOOM Program... kellerbloom@bigelow.org (model), $0.0005
[902/1327] Neuroscience Research Competition... science@aan.com (regex), $0.0000
[903/1327] High School Summer Internship Program... unruhins@usc.edu (model), $0.0006
[904/1327] SEES STEM Enhancement in Earth Sciences... sees@csr.utexas.edu (regex), $0.0000
[905/1327] Sequencing Your Genome Camp... info@mircore.org (regex), $0.0000
[906/1327] Coding and Robotics Intern... no email found, $0.0000
[907/1327] Self-Paced Program... info@girlswhocode.com\ (model), $0.0005
[908/1327] Raikes School Summer Camp (UNL)... tluensmann2@unl.edu (model), $0.0005
[909/1327] Marketing & Personal Branding Academy... highschool@georgetown.edu (model), $0.0005
[910/1327] Summer Immersion Program... info@girlswhocode.com\ (model), $0.0005
[911/1327] Summer Session... no email found, $0.0000
[912/1327] Service Scholars... no email found, $0.0000
[913/1327] Teen Camp: Natural Dyes... no email found, $0.0005
[914/1327] UCA Cheer Camp... no email found, $0.0000
[915/1327] Teen Entrepreneurship Challenge... no email found, $0.0000
[916/1327] John Locke Institute Global Essay Prize... education@johnlocke.com (model), $0.0005
[917/1327] Building Leadership Strategies Summer Academy... accessibility@rutgers.edu (regex), $0.0000
[918/1327] Business Immersion... tk@launchpad-center.org (regex), $0.0000
[919/1327] Business Research... precollege@ucsd.edu (model), $0.0005
[920/1327] Business Summer Institutes... bauer@bauer.uh.edu (model), $0.0005
[921/1327] Summer Session... cusce@cornell.edu (model), $0.0005
[922/1327] Summer Internship Program... StudentExperiences@hitchcock.org (model), $0.0005
[923/1327] Summer Scholars Program... no email found, $0.0000
[924/1327] Youth Employment Program... no email found, $0.0000
[925/1327] ESTEEM/SER-Quest Summer Program... cmse@umd.edu (regex), $0.0000
[926/1327] The James Madison Seminar on the Principles of American... no email found, $0.0000
[927/1327] HAS Astronomy... no email found, $0.0000
[928/1327] Gerard K. O’Neill Space Settlement Contest... no email found, $0.0000
[929/1327] Mark Cuban Foundation AI Bootcamp... readinessinstitute@psu.edu (regex), $0.0000
[930/1327] Summer College... summersession@uchicago.edu (regex), $0.0000
[931/1327] High School Competitions... general@tsaweb.org (regex), $0.0000
[932/1327] High School Scholars... jerry.cohen@ftc.edu (regex), $0.0000
[933/1327] National Academic Championship... no email found, $0.0000
[934/1327] Summer Engineering Seminar... summerengineeringseminar@scu.edu (regex), $0.0000
[935/1327] National Economics Challenge... Press@councilforeconed.org (regex), $0.0000
[936/1327] Pre-College... no email found, $0.0000
[937/1327] SLE Summer Program (West Point)... PAOinformation@westpoint.edu (regex), $0.0000
[938/1327] High School Internships... no email found, $0.0000
[939/1327] MERIT Health Leadership Academy... leadership@meritbaltimore.org (regex), $0.0000
[940/1327] SPL Teen Service Learning & Learning Buddies... volunteer@spl.org (regex), $0.0000
[941/1327] Communications Intern (IALR)... no email found, $0.0000
[942/1327] YMCA of Pierce and Kitsap Counties – Youth Leadership D... dbrevik@ymcapkc.org (model), $0.0005
[943/1327] YMCA of Pierce and Kitsap Counties – Youth and Governme... dbrevik@ymcapkc.org (model), $0.0005
[944/1327] YMCA of Greater Seattle – Y-Scholars College Readiness ... no email found, $0.0000
[945/1327] Summer Journalism Workshop... cspa@columbia.edu (regex), $0.0000
[946/1327] High School Summer Program... RATrevino1@mdanderson.edu (regex), $0.0000
[947/1327] Engineering Summer Academy at Penn (ESAP)... %20pennesap@boldsummers.com (regex), $0.0000
[948/1327] MITE Summer Camp... cseoutreach@utexas.edu (regex), $0.0000
[949/1327] Snohomish Farmers Market — Youth Market Makers Experien... snohomishfarmersmarket@gmail.com (regex), $0.0000
[950/1327] How To Think Like an Attorney... support@precollegeonline.georgetown.edu (model), $0.0005
[951/1327] Sultan Farmers Market — Monthly Youth Market Day... no email found, $0.0000
[952/1327] VFW Voice of Democracy Scholarship Program... no email found, $0.0000
[953/1327] Pike Place Market — Guest Vendor Pop-Up Program... no email found, $0.0000
[954/1327] Emergent Quantum Materials and Technologies (YNS)... no email found, $0.0000
[955/1327] Michigan State University High School Honors Science/Ma... no email found, $0.0000
[956/1327] Sounds of New York City (NYU)... no email found, $0.0000
[957/1327] Summer Design Academy... no email found, $0.0000
[958/1327] Pike Place Market — Free Speech Area (Nonprofit Tabling... no email found, $0.0000
[959/1327] National Mock Trial Championship... no email found, $0.0000
[960/1327] Student Intern Program (NIH / NCI Frederick)... ncifwebmaster@nih.gov (regex), $0.0000
[961/1327] Career Explorations (CEXP) Mentorship & Internship... CEXP@seattle.gov (model), $0.0005
[962/1327] UMass Turing Summer Program... no email found, $0.0000
[963/1327] The Knowledge Society (TKS)... no email found, $0.0000
[964/1327] Pre-College (Emory)... precollege@emory.edu (regex), $0.0000
[965/1327] Summer Camp (SOCAPA)... no email found, $0.0000
[966/1327] SnoCo Makerspace – Open Maker Wednesdays & Membership... no email found, $0.0000
[967/1327] Coyote Central – Studio Coyote Hands-On Creative Course... programs@coyotecentral.org (model), $0.0005
[968/1327] Neubauer Phoenix Scholars... summersession@uchicago.edu (regex), $0.0000
[969/1327] Simons Research (Stony Brook)... simonssrp@stonybrook.edu (regex), $0.0000
[970/1327] Information Technology Intern... no email found, $0.0000
[971/1327] Seattle Youth Employment Program (SYEP) – Career Pathwa... SYEP@seattle.gov (model), $0.0006
[972/1327] HPREP (Harvard)... hprep@hms.harvard.edu (regex), $0.0000
[973/1327] Summer Internship Program... mottaa@mwri.magee.edu (model), $0.0005
[974/1327] SPS Career Quest Summer Internships... no email found, $0.0000
[975/1327] Neuroscience Journal Club... jablanch@stanford.edu (model), $0.0005
[976/1327] AI-Scholars Pre-College (CMU)... nhatcher@andrew.cmu.edu (model), $0.0005
[977/1327] YouthCAN... youthcan@wingluke.org (model), $0.0005
[978/1327] TeenTix Newsroom (Press Corps)... no email found, $0.0000
[979/1327] Forensic Science Camp (PSU)... no email found, $0.0000
[980/1327] Young Scholars Program... eguralnick@ucdavis.edu (model), $0.0005
[981/1327] Ocean Awareness Contest... no email found, $0.0000
[982/1327] Columbia Junior Science Journal... cusj@columbia.edu (regex), $0.0000
[983/1327] Online Research Program (UCI)... highschoolresearch@hs.uci.edu (regex), $0.0000
[984/1327] NSTI Summer Camp... no email found, $0.0000
[985/1327] Perusing through the Americas... no email found, $0.0005
[986/1327] AggieSTEM Summer Camp... no email found, $0.0000
[987/1327] UNICEF USA National Youth Council... no email found, $0.0000
[988/1327] USC Summer Programs... summer@usc.edu (model), $0.0005
[989/1327] Summer Internship Program (Cancer Research Center of Ha... no email found, $0.0005
[990/1327] CURIE Academy... no email found, $0.0000
[991/1327] Jim Baen Memorial Short Story Award... no email found, $0.0000
[992/1327] Pathways Research Internship... no email found, $0.0000
[993/1327] Introduction to Programming Python (UVA)... no email found, $0.0000
[994/1327] Youth Volunteer Corps (YVC)... info@yvc.org (regex), $0.0000
[995/1327] Leadership Seminars... precoll@nd.edu (regex), $0.0000
[996/1327] Math and Science Scholars... no email found, $0.0000
[997/1327] NCSS Student Leadership & Research Conference... info@stemschools.org (regex), $0.0000
[998/1327] Summer Internship... hssummerinternship@cchmc.org (regex), $0.0000
[999/1327] Pre-College... no email found, $0.0000
[1000/1327] Circular Innovation Challenge... summercamps@lclark.edu (regex), $0.0000
[1001/1327] HackAmerica... contact@hackamerica.org (regex), $0.0000
[1002/1327] hackTAMS... tamscompsciorg@gmail.com (regex), $0.0000
[1003/1327] University of Iowa AI Youth Camp... shaoping-xiao@uiowa.edu (regex), $0.0000
[1004/1327] Pre-College... precollege@brown.edu (regex), $0.0000
[1005/1327] Human Resources Intern (IALR)... no email found, $0.0000
[1006/1327] MedAcademy... medacademy@hs.uci.edu (regex), $0.0000
[1007/1327] Summer Science Program (SSP)... admissions@ssp.org (model), $0.0005
[1008/1327] Wharton Leadership in the Business World (LBW)... whartonyouth@wharton.upenn.edu (regex), $0.0000
[1009/1327] Psychology and Its Impact on Everyday Life... support@precollegeonline.georgetown.edu (model), $0.0005
[1010/1327] Wharton Future of the Business World... whartonyouth@wharton.upenn.edu (regex), $0.0000
[1011/1327] TurnUp Civic Engagement Remote Internship... no email found, $0.0000
[1012/1327] YoungArts National Competition... info@youngarts.org (regex), $0.0000
[1013/1327] High School Honors Science, Math and Engineering Progra... no email found, $0.0000
[1014/1327] Young Scientists Journal... outreach@ysjournal.com (model), $0.0006
[1015/1327] National High School Journal of Science... submissions@nhsjs.com (regex), $0.0000
[1016/1327] The Curieux Review... editor@curieuxreview.com (regex), $0.0000
[1017/1327] National French Contest... support@frenchcontest.org (regex), $0.0000
[1018/1327] Meta Summer Academy... no email found, $0.0000
[1019/1327] Thinkabit Summer Camp... no email found, $0.0000
[1020/1327] Fermilab PRISM (Program for Research, Innovation, and S... no email found, $0.0000
[1021/1327] National Summer Transportation Institute (UNLV)... no email found, $0.0000
[1022/1327] Summer Session (Duke)... summer@duke.edu (regex), $0.0000
[1023/1327] Quantitative Skills Program... no email found, $0.0000
[1024/1327] Bennington College Young Writers Awards... youngcreatorsawards@bennington.edu (regex), $0.0000
[1025/1327] NYLC Youth Advisory Council... no email found, $0.0000
[1026/1327] Youth and Young Adult Ambassador Program... no email found, $0.0005
[1027/1327] Summer Session (UCSB Pre-College Programs)... Info@summer.ucsb.edu (regex), $0.0000
[1028/1327] Reflections Competition... Reflections@PTA.org (model), $0.0006
[1029/1327] Global Health Leaders Conference at Johns Hopkins Unive... ghlcjhu@glohea.org (regex), $0.0000
[1030/1327] Bright STaRS Program at AGU Annual Meeting... no email found, $0.0000
[1031/1327] Research Cures Cancer Corps (RC3)... harpercancer@nd.edu (regex), $0.0000
[1032/1327] Art Museum Summer Academy (Princeton)... tegan.campbell@princeton.edu (model), $0.0005
[1033/1327] MITES Program... mitesapp@mit.edu (regex), $0.0000
[1034/1327] Summer Session... no email found, $0.0000
[1035/1327] Research in Science & Engineering Program... rise@bu.edu (model), $0.0005
[1036/1327] AHA National Youth Leadership Council... no email found, $0.0000
[1037/1327] Leangap... contact@leangap.org (model), $0.0005
[1038/1327] OKStars Summer Research Program... no email found, $0.0000
[1039/1327] Residency Program... nysssa@nysed.gov (model), $0.0005
[1040/1327] Kaiser Permanente LAUNCH Summer Youth Employment Progra... Ronnie.Trujillo@kp.org (regex), $0.0000
[1041/1327] Marine Science Research Scholars... precollege@ucsd.edu (regex), $0.0000
[1042/1327] Carnegie Mellon CS Scholars... no email found, $0.0000
[1043/1327] Writing & Culture... writingculture-precollege@andrew.cmu.edu (model), $0.0005
[1044/1327] National Arts Competition... apply@youngarts.org (regex), $0.0000
[1045/1327] Robinson Center... rcts@uw.edu (model), $0.0005
[1046/1327] National Economics Challenge... no email found, $0.0000
[1047/1327] Young Scholars Program... hsprogs@sas.upenn.edu (regex), $0.0000
[1048/1327] Tech Camp (UNH)... amy.booth@unh.edu (model), $0.0005
[1049/1327] National Science Bowl... National.Science.Bowl@doe.gov (regex), $0.0000
[1050/1327] Scholastic Art & Writing Awards... no email found, $0.0000
[1051/1327] Research Mentorship Program... Info@summer.ucsb.edu (regex), $0.0000
[1052/1327] Summer Program for Verbally and Mathematically Precocio... brandi.botts@wku.edu (model), $0.0011
[1053/1327] Science Accelerating Girls’ Engagement... education@ornl.gov (regex), $0.0000
[1054/1327] NeuroScience Summer Program... nsurghlp@uw.edu (regex), $0.0000
[1055/1327] Quantum Information Program... istem@stonybrook.edu (regex), $0.0000
[1056/1327] Upward Bound Math Science... upwardboundpenn@gmail.com (regex), $0.0000
[1057/1327] Science of Smart Cities... no email found, $0.0000
[1058/1327] SCUDEM - SIMIODE Challenge... no email found, $0.0000
[1059/1327] North Carolina State University (NCSU)... no email found, $0.0000
[1060/1327] High School Research Program... WarehouseOperations@BNL.gov (regex), $0.0000
[1061/1327] Veterinary Technology... no email found, $0.0000
[1062/1327] Artificial Intelligence Internship... aimicenter@stanford.edu (regex), $0.0000
[1063/1327] Tanglewood Institute... no email found, $0.0005
[1064/1327] Young Scholars Research... no email found, $0.0000
[1065/1327] Tisch Future Artists... no email found, $0.0000
[1066/1327] POETS Young Scholars Research Program... poets-erc@illinois.edu (regex), $0.0000
[1067/1327] New York Bioforce... hello@hypothekids.org (regex), $0.0000
[1068/1327] Summer Preview Program... admissions@bu.edu (model), $0.0005
[1069/1327] RIT Student Research in Communication Conference... no email found, $0.0005
[1070/1327] KEYS Research Internship Program... keys@bio5.org (regex), $0.0000
[1071/1327] Summer Research Internship... shtem_internship@ee.stanford.edu (regex), $0.0000
[1072/1327] Urban Journalism Workshop... no email found, $0.0000
[1073/1327] YMCA of Greater Seattle – High School Student Service G... no email found, $0.0000
[1074/1327] YMCA Earth Service Corps (YESC) – Greater Seattle... yesc@seattleymca.org (regex), $0.0000
[1075/1327] Sammamish Farmers Market — Youth Vendor Program... no email found, $0.0000
[1076/1327] Summer Teen Internship Program... no email found, $0.0000
[1077/1327] Summer Math Program for Young Scholars... no email found, $0.0000
[1078/1327] Seattle Neighborhood Farmers Markets — Community Booth ... no email found, $0.0000
[1079/1327] Teen Late Night Internship... Cortez.Charles@Seattle.gov (model), $0.0005
[1080/1327] Summer Teen XP (Experience)... no email found, $0.0000
[1081/1327] Seattle Makers – Teen Membership & Open Workshop... contact@seattlemakers.org (regex), $0.0000
[1082/1327] Seattle Mentors – Youth at Work Career Exposure... no email found, $0.0000
[1083/1327] Seattle Youth Commission... seattleyouthcommission@seattle.gov (regex), $0.0000
[1084/1327] Fresh Perspectives Youth Curatorial Residency... no email found, $0.0000
[1085/1327] International Academic Competitions... help@iacompetitions.com (regex), $0.0000
[1086/1327] Summer Leadership Academy... no email found, $0.0000
[1087/1327] Mentorship for Teen Artists of Color (M-TAC)... no email found, $0.0000
[1088/1327] Seattle Youth Safety Ambassadors (YSA)... no email found, $0.0000
[1089/1327] Adroit Prizes for Poetry & Prose... editors@theadroitjournal.org (regex), $0.0000
[1090/1327] Online Pre-College Programs... no email found, $0.0000
[1091/1327] Monell Science Apprenticeship Program... AcademicAffairs@monell.org (regex), $0.0000
[1092/1327] Laboratory Learning Program... no email found, $0.0000
[1093/1327] Amnesty International USA – Youth Leadership in Activis... no email found, $0.0000
[1094/1327] Close Up Foundation Empowering Girls' Voices Student Su... info@closeup.org (regex), $0.0000
[1095/1327] Summer Undergraduate Research Program... no email found, $0.0000
[1096/1327] Summer Session (UCI)... summer-session@uci.edu (model), $0.0005
[1097/1327] Iowa Young Writers' Studio... iyws@uiowa.edu (regex), $0.0000
[1098/1327] Yale Summer Program in Astrophysics (YSPA)... no email found, $0.0000
[1099/1327] Duke University Pre-College Programs (Summer Session)... summer@duke.edu (regex), $0.0000
[1100/1327] New Jersey Program in Engineering & Technology (Governo... j.antoine@rutgers.edu (regex), $0.0000
[1101/1327] Air Force Research Laboratory (AFRL) Scholars Program... no email found, $0.0000
[1102/1327] Journal of Student Research... no email found, $0.0000
[1103/1327] FinDS Summer Program... no email found, $0.0000
[1104/1327] U.S. Stockholm Junior Water Prize... no email found, $0.0000
[1105/1327] High School Law Institute (NYU)... no email found, $0.0000
[1106/1327] International Biology Olympiad (IBO)... office@ibo-info.org (regex), $0.0000
[1107/1327] Civic Innovators Fellowship... no email found, $0.0000
[1108/1327] EarthEcho Youth Leadership Council... earthecho@signaldc.com (regex), $0.0000
[1109/1327] National High School Model United Nations... info@imuna.org (regex), $0.0000
[1110/1327] Making Caring Common Youth Advisory Board... yab@makingcaringcommon.org (regex), $0.0000
[1111/1327] NFTE National Youth Entrepreneurship Challenge... mediainquiries@nfte.com (regex), $0.0000
[1112/1327] Discovering Healthcare Careers (DHC) Program... workforcedevelopment@luriechildrens.org (regex), $0.0000
[1113/1327] Math Camp (Williams)... no email found, $0.0000
[1114/1327] AMIA Annual Symposium High School Scholars Program... no email found, $0.0000
[1115/1327] IAS Computes... no email found, $0.0000
[1116/1327] Summer Institute... Robert.Schiavo@ucf.edu (model), $0.0005
[1117/1327] WoodWorks... info@wonderworkshouston.org (regex), $0.0000
[1118/1327] YCCI Exposures Program... YCCI_funding_opportunities@yale.edu (model), $0.0005
[1119/1327] USAMO... amcinfo@maa.org (model), $0.0005
[1120/1327] US Academic Decathlon... info@usad.org (model), $0.0005
[1121/1327] Summer Institute... admissions@duboisscholars.org (regex), $0.0000
[1122/1327] AI, Data & Ethics: Introduction to Public Interest Tech... no email found, $0.0000
[1123/1327] Writing Contest... no email found, $0.0000
[1124/1327] Summer STEM Internships... no email found, $0.0005
[1125/1327] Yale... no email found, $0.0000
[1126/1327] World Historian Student Essay Competition... no email found, $0.0000
[1127/1327] University Interscholastic League... academics@uiltexas.org (regex), $0.0000
[1128/1327] UCLA Health... no email found, $0.0000
[1129/1327] Yale... no email found, $0.0000
[1130/1327] UChicago Medicine... cancertraining@bsd.uchicago.edu (model), $0.0005
[1131/1327] Summer Science Research Program... hsresearch@rockefeller.edu (regex), $0.0000
[1132/1327] UCSB... no email found, $0.0000
[1133/1327] University of Chicago... no email found, $0.0000
[1134/1327] Washington University in St. Louis... DBBS-Info@email.wustl.edu (regex), $0.0000
[1135/1327] Vanderbilt University... jaedyn.embry@vanderbilt.edu (model), $0.0006
[1136/1327] Tulane University... summer@tulane.edu (regex), $0.0000
[1137/1327] University of Kansas... studybusiness@ku.edu (model), $0.0005
[1138/1327] UTSA... prep@utsa.edu (regex), $0.0000
[1139/1327] UCIGATI... no email found, $0.0000
[1140/1327] Tufts University... emily.palermo@tufts.edu (model), $0.0005
[1141/1327] Tulane University... architecture@tulane.edu (regex), $0.0000
[1142/1327] UC Berkeley... met@berkeley.edu (regex), $0.0000
[1143/1327] University of Cincinnati... Michele.glassmeyer@uc.edu (model), $0.0006
[1144/1327] PULSE (PSU)... no email found, $0.0000
[1145/1327] University of Delaware... edge@udel.edu (model), $0.0005
[1146/1327] University of Utah... step-up@utah.edu (model), $0.0005
[1147/1327] University of Louisville... meddean@louisville.edu (regex), $0.0000
[1148/1327] UMiami Health... sccctrainee@miami.edu (model), $0.0006
[1149/1327] UTEP... no email found, $0.0000
[1150/1327] Summer Science Program (SSP) — Astrophysics... admissions@ssp.org (model), $0.0005
[1151/1327] PROMYS (Program in Mathematics for Young Scientists)... promys@bu.edu (regex), $0.0000
[1152/1327] Regeneron Science Talent Search (STS)... sts@societyforscience.org (regex), $0.0000
[1153/1327] VSGC... rdelzer@odu.edu (regex), $0.0000
[1154/1327] TCNJ... science@tcnj.edu (regex), $0.0000
[1155/1327] Telluride Association Summer Seminar (TASS)... no email found, $0.0000
[1156/1327] Science Olympiad... no email found, $0.0000
[1157/1327] Academic Summer Camps (Northwestern)... ctd-summer@northwestern.edu (model), $0.0005
[1158/1327] Business and Technology Programs... no email found, $0.0000
[1159/1327] Summer Scholars Research Program... no email found, $0.0000
[1160/1327] Kentucky Forest Leadership Program... Laurie.Thomas@uky.edu (model), $0.0005
[1161/1327] Model United Nations (MUN)... no email found, $0.0000
[1162/1327] Presidential Volunteer Service Award... PVSA@americorps.gov (model), $0.0005
[1163/1327] National Student Leadership Conference (NSLC)... info@nslcleaders.org (regex), $0.0000
[1164/1327] American Mathematics Competition (AMC 8)... amcinfo@maa.org (model), $0.0005
[1165/1327] Cybersecurity Competition — CyberPatriot... info@uscyberpatriot.org (regex), $0.0000
[1166/1327] Hugh O'Brian Youth Leadership (HOBY)... hoby@hoby.org (regex), $0.0000
[1167/1327] MIT Launch (Entrepreneurship Summer Program)... no email found, $0.0000
[1168/1327] Acton Academy Online (Homeschool Entrepreneurship)... no email found, $0.0000
[1169/1327] VEX Robotics Competition... no email found, $0.0000
[1170/1327] Young Arts (National YoungArts Foundation)... info@youngarts.org (regex), $0.0000
[1171/1327] USA Physics Olympiad (USAPhO)... no email found, $0.0000
[1172/1327] Harvard Secondary School Program (SSP)... no email found, $0.0000
[1173/1327] American Junior Academy of Science (AJAS)... no email found, $0.0000
[1174/1327] Junior Achievement Company Program... no email found, $0.0000
[1175/1327] KCLS Study Zone Volunteer (Tutor / Math Club / Reading ... no email found, $0.0000
[1176/1327] YMCA of Greater Seattle – Washington Youth & Government... ygseattleyag@seattleymca.org (model), $0.0005
[1177/1327] Sammamish Farmers Market — Emerging Entrepreneurs Youth... office@sammamishchamber.org (regex), $0.0000
[1178/1327] Pike Place Market — Daystall Craftsperson Program... no email found, $0.0000
[1179/1327] Brave New Voices International Youth Poetry Slam... production@youthspeaks.org (regex), $0.0000
[1180/1327] KCLS Teen Advisory Board (TAB)... no email found, $0.0000
[1181/1327] Camp Orkila Counselor-in-Training (CIT) Program... no email found, $0.0000
[1182/1327] ARC Citywide Youth Advisory Council... no email found, $0.0000
[1183/1327] Essentials of Leadership... whartonyouth@wharton.upenn.edu (regex), $0.0000
[1184/1327] Stanford Summer Session... no email found, $0.0000
[1185/1327] YESL Pre-Employment Training (PET)... PKS_Teen_Employment@seattle.gov (model), $0.0005
[1186/1327] High School Honors (UCI GATI)... no email found, $0.0000
[1187/1327] New Jersey Governor’s School in the Sciences... no email found, $0.0000
[1188/1327] Summer Science Internship... no email found, $0.0000
[1189/1327] Miami SAO High School Volunteer Internship Program... no email found, $0.0000
[1190/1327] College Access Leadership Institute (NYU)... no email found, $0.0000
[1191/1327] Summer Immersion Program... summersession@uchicago.edu (regex), $0.0000
[1192/1327] Columbia Engineering SHAPE... no email found, $0.0000
[1193/1327] Pre-Baccalaureate Program... precollege@brown.edu (regex), $0.0000
[1194/1327] High School Summer Engineering Camp... no email found, $0.0000
[1195/1327] Finance Camp (PSU)... no email found, $0.0000
[1196/1327] UChicago Youth Internship Program... civicengagement@uchicago.edu (regex), $0.0000
[1197/1327] Aerospace Academy (Rice)... envisioninfo@envisionexperience.com (model), $0.0005
[1198/1327] Unveiling the Sugary Armor of Mycobacterial Cells... no email found, $0.0000
[1199/1327] Early College Credit Program (UW Madison)... beth.jaggers@wisc.edu (model), $0.0005
[1200/1327] High School Internship Program (Hutch Cancer Center)... hsinternship@fredhutch.org (model), $0.0006
[1201/1327] GSU Summer Institute... no email found, $0.0000
[1202/1327] Summer Session (Columbia)... no email found, $0.0000
[1203/1327] High School National Championship Tournament (HSNCT)... no email found, $0.0000
[1204/1327] Vision for High School Students (UND)... ndvi@nd.edu (model), $0.0005
[1205/1327] M-ASCEND... no email found, $0.0000
[1206/1327] NASA Human Exploration Rover Challenge... HERC@mail.nasa.gov (model), $0.0006
[1207/1327] High School Internship... no email found, $0.0000
[1208/1327] Summer Language Institute... summersession@uchicago.edu (regex), $0.0000
[1209/1327] Explorations in Biology... summersession@uchicago.edu (regex), $0.0000
[1210/1327] International Linguistics Olympiad (IOL)... web@ioling.org (regex), $0.0000
[1211/1327] Forensics Investigators Program... no email found, $0.0000
[1212/1327] American Rocketry Challenge... no email found, $0.0000
[1213/1327] The Emerson Prize... evans@tcr.org (regex), $0.0000
[1214/1327] Summer Session (UChicago)... no email found, $0.0000
[1215/1327] Coding for Game Design... no email found, $0.0000
[1216/1327] College-Bound STEM Academy... no email found, $0.0000
[1217/1327] Life Sciences Research (UCSD)... precollege@ucsd.edu (regex), $0.0000
[1218/1327] Strategize Like a Marketer (Georgetown)... support@precollegeonline.georgetown.edu (model), $0.0005
[1219/1327] Young Innovators Climate Program... nickmadgett@uchicago.edu (model), $0.0005
[1220/1327] Yale Daily News Summer Journalism Program... no email found, $0.0000
[1221/1327] NYLF Medicine & Healthcare Program... no email found, $0.0000
[1222/1327] Voltage Scholars... summersession@uchicago.edu (regex), $0.0000
[1223/1327] Bioengineering Research... precollege@ucsd.edu (regex), $0.0000
[1224/1327] Engineering Summer Camp (UIUC)... no email found, $0.0000
[1225/1327] Woodson Summer Scholars... summersession@uchicago.edu (regex), $0.0000
[1226/1327] Patricia Grodd Poetry Prize... no email found, $0.0000
[1227/1327] Berkeley Math Tournament... team@berkeley.mt (regex), $0.0000
[1228/1327] Summer Academics (UPENN)... hsprogs@sas.upenn.edu (regex), $0.0000
[1229/1327] Columbia Writing Academy: Summer... no email found, $0.0000
[1230/1327] Begin Your Medical Research Journey (Georgetown)... support@precollegeonline.georgetown.edu (model), $0.0005
[1231/1327] Academic Immersion (Boston University)... stpartnr@bu.edu (regex), $0.0000
[1232/1327] Summer Scholars... precoll@nd.edu (regex), $0.0000
[1233/1327] Clinical Anatomy Summer Program (CASP)... no email found, $0.0000
[1234/1327] Accelerated Learning Program (ALP)... ALP@precollege.wisc.edu (model), $0.0005
[1235/1327] Biotechnology Sequencing (BTS) Camp (UMich)... info@mircore.org (regex), $0.0000
[1236/1327] CAMINOS: Your Journey to College... no email found, $0.0000
[1237/1327] HOPP Summer Student Program... no email found, $0.0000
[1238/1327] TRIO Upward Bound... no email found, $0.0000
[1239/1327] Terp Young Scholars... tys@umd.edu (model), $0.0005
[1240/1327] Business Academy... highschool@georgetown.edu (model), $0.0005
[1241/1327] China Scholars Program... sishi@stanford.edu (regex), $0.0000
[1242/1327] Pre-Baccalaureate Program (Barnard)... pcp@barnard.edu (regex), $0.0000
[1243/1327] Management & Technology Summer Institute (M&TSI)... whartonyouth@wharton.upenn.edu (regex), $0.0000
[1244/1327] American Computer Science League (ACSL)... no email found, $0.0000
[1245/1327] Anson L. Clark Scholars Program... no email found, $0.0000
[1246/1327] Stanford AI4ALL... hai-education@stanford.edu\ (model), $0.0007
[1247/1327] Fab Lab: 3D Printing... no email found, $0.0000
[1248/1327] Summer Session (University of Maryland)... summer@umd.edu (model), $0.0005
[1249/1327] Upward Bound... no email found, $0.0005
[1250/1327] Regeneron International Science and Engineering Fair (I... isef@societyforscience.org (regex), $0.0000
[1251/1327] College Prep Program... highschool@georgetown.edu (model), $0.0005
[1252/1327] Athena Summer Innovation Institute... pcp@barnard.edu (regex), $0.0000
[1253/1327] Music Pre-College... music-precollege@andrew.cmu.edu (model), $0.0005
[1254/1327] CATALYST Academy... no email found, $0.0000
[1255/1327] Law and Trial Advocacy Summer School (UCB)... no email found, $0.0000
[1256/1327] Future Leaders Program (UCI)... no email found, $0.0000
[1257/1327] Student Introduction To Engineering (SITE)... welcome@eng.ua.edu (regex), $0.0000
[1258/1327] Emerging Scholars Academy... no email found, $0.0000
[1259/1327] Aspiring Scholars Directed Research Program (ASDRP)... admissions@asdrp.org (model), $0.0005
[1260/1327] Upward Bound... no email found, $0.0000
[1261/1327] Ted R. Lilley CURE Program... no email found, $0.0000
[1262/1327] Summer Music Clinic... smc@wisc.edu (model), $0.0005
[1263/1327] The World Order — and Where It’s Heading... support@precollegeonline.georgetown.edu (model), $0.0005
[1264/1327] Della Pietra High School Program... no email found, $0.0006
[1265/1327] Upward Bound Program... no email found, $0.0000
[1266/1327] Research Science Institute (RSI)... no email found, $0.0000
[1267/1327] High School Summer Start (UCSC Summer Session)... highschoolsummer@ucsc.edu (regex), $0.0000
[1268/1327] Brown Experiential Education: Oxford... precollege@brown.edu (regex), $0.0000
[1269/1327] Research Intensive in Food Science... no email found, $0.0000
[1270/1327] Virtual Computational Biology Research... info@mircore.org (regex), $0.0000
[1271/1327] Botball Educational Robotics Program... Info@KIPR.org (regex), $0.0000
[1272/1327] DECA High School Division Competitive Events... no email found, $0.0004
[1273/1327] Hearts for Health Virtual Shadowing... community@hearts4health.org (regex), $0.0000
[1274/1327] Tapia STEM Camps... tapiacenter@rice.edu (model), $0.0005
[1275/1327] Summer Session (UVA)... summer@virginia.edu (regex), $0.0000
[1276/1327] Pollinator Health and Ecology (UMass)... no email found, $0.0000
[1277/1327] ICS Summer Academy... icssummeracademy@uci.edu (regex), $0.0000
[1278/1327] Design Pre-College (CMU)... precollege@andrew.cmu.edu (model), $0.0006
[1279/1327] Cancer Epidemiology and Genetics Internship (NIH)... ncicontactdceg@mail.nih.gov (regex), $0.0000
[1280/1327] Johns Hopkins Internship in Brain Sciences - Virtual Pr... no email found, $0.0000
[1281/1327] American Politics Academy... highschool@georgetown.edu (model), $0.0005
[1282/1327] Summer Session... summerhoya@georgetown.edu (model), $0.0005
[1283/1327] The Cutting-Edge of Biological Discovery... support@precollegeonline.georgetown.edu (model), $0.0005
[1284/1327] Summer Session... summerwinter@rutgers.edu (model), $0.0005
[1285/1327] Center for English Language and Orientation Programs... no email found, $0.0005
[1286/1327] Summer Theatre Institute... no email found, $0.0005
[1287/1327] Using Zebrafish to Study Brain Development Internship... no email found, $0.0000
[1288/1327] U.S. Campaigns & Elections Academy... highschool@georgetown.edu (model), $0.0005
[1289/1327] GeMsGetMath@BU... no email found, $0.0005
[1290/1327] UPRISE... Francine_Coston@uml.edu (model), $0.0005
[1291/1327] MATE ROV Competition... no email found, $0.0000
[1292/1327] USA BIOlympiad... no email found, $0.0000
[1293/1327] Sustainable Food and the City... pcp@barnard.edu (regex), $0.0000
[1294/1327] Trig-Star Competition... no email found, $0.0000
[1295/1327] University of Notre Dame... precoll@nd.edu (regex), $0.0000
[1296/1327] Tulane University... undergrad.admission@tulane.edu (regex), $0.0000
[1297/1327] UMass Research Intensives... no email found, $0.0000
[1298/1327] The NextGen Leadership Institute... pcp@barnard.edu (regex), $0.0000
[1299/1327] Visual Arts Summer Institute... no email found, $0.0005
[1300/1327] Trapped Ions and Photonics Research... no email found, $0.0000
[1301/1327] Synthetic Biology Competition... no email found, $0.0000
[1302/1327] University of Michigan... no email found, $0.0000
[1303/1327] University of Notre Dame... physics@nd.edu (regex), $0.0000
[1304/1327] Summer Scholars Program... accessibility@rutgers.edu (regex), $0.0000
[1305/1327] Youth Exchange Program... beagriz@umontana.edu (model), $0.0005
[1306/1327] The Artemis Project... no email found, $0.0005
[1307/1327] Utah Entrepreneur Challenge... no email found, $0.0000
[1308/1327] Pathways Program... robotics@umd.edu (regex), $0.0000
[1309/1327] UTSA... citymester@utsa.edu (model), $0.0005
[1310/1327] Summer Science Program (SSP) — Biochemistry... admissions@ssp.org (model), $0.0005
[1311/1327] THINK Scholars Program... no email found, $0.0000
[1312/1327] Wharton Global Youth Investment Competition... no email found, $0.0000
[1313/1327] Tufts University... no email found, $0.0007
[1314/1327] High School Scholars Program... no email found, $0.0000
[1315/1327] Student Researchers Program... cbess@unr.edu (regex), $0.0000
[1316/1327] Summit STEM Programs... admissions@summiteducation.org (regex), $0.0000
[1317/1327] USAJMO... no email found, $0.0000
[1318/1327] Summer Youth Science Fellowship Program... no email found, $0.0000
[1319/1327] High School Summer Scholars Program... no email found, $0.0000
[1320/1327] Gateway to Engineering and Bridge to Engineering Summer... shiakolas@uta.edu (regex), $0.0000
[1321/1327] Mathematics Competition... no email found, $0.0000
[1322/1327] Nanotechnology Mentorship Program... no email found, $0.0000
[1323/1327] NASA Internships (High School)... no email found, $0.0000
[1324/1327] PRISM High School Program... prism.feinberg@gmail.com (model), $0.0005
[1325/1327] DECA — Business & Marketing Competitions... info@deca.org (regex), $0.0000
[1326/1327] Research Experience for High School Students (REHSS)... REHSS@vanderbilt.edu (regex), $0.0000
[1327/1327] Upward Bound Program... no email found, $0.0000

[SUMMARY] checked: 1327, emails found: 698, none found: 629, errors: 0, model calls: 329/1327, cost: $0.1716
[OK] Logged agent_runs id=45.
