[OK] Fetching active + stale/unchecked catalog rows from Supabase...
[OK] 1175 row(s) due for a review check (unchecked or >182 days stale).
[1/1175] Illini Summer Academies... insufficient_data, 0 search(es) [SILENT: no search invoked], $0.0007 [changed]
[2/1175] Inspiring the Next Generation of Women in Physics... positive, 0 search(es) [SILENT: no search invoked], $0.0011 [changed]
[3/1175] LSU Summer Scholars Program... positive, 0 search(es) [SILENT: no search invoked], $0.0011 [changed]
[4/1175] “Blender” Camp... insufficient_data, 0 search(es) [SILENT: no search invoked], $0.0007 [changed]
[5/1175] 1-Week Medical Academy... mixed, 0 search(es) [SILENT: no search invoked], $0.0013 [changed]
[6/1175] 3-Week Medical Academy... mixed, 0 search(es) [SILENT: no search invoked], $0.0015 [changed]
[7/1175] 4H-RU Program... insufficient_data, 0 search(es) [SILENT: no search invoked], $0.0007 [changed]
[8/1175] Academic Connections... positive, 0 search(es) [SILENT: no search invoked], $0.0009 [changed]
[9/1175] Academic Immersion... mixed, 0 search(es) [SILENT: no search invoked], $0.0015 [changed]
[10/1175] Academic Internship... positive, 0 search(es) [SILENT: no search invoked], $0.0011 [changed]
[11/1175] Academic Summer Camps... positive, 0 search(es) [SILENT: no search invoked], $0.0014 [changed]
[12/1175] Academy for Youth Success... positive, 0 search(es) [SILENT: no search invoked], $0.0012 [changed]
[13/1175] Accelerated Learning Program (ALP)... positive, 0 search(es) [SILENT: no search invoked], $0.0011 [changed]
[14/1175] ACE... insufficient_data, 0 search(es) [SILENT: no search invoked], $0.0006 [changed]
[15/1175] Actuarial Science Camp... positive, 0 search(es) [SILENT: no search invoked], $0.0012 [changed]
[16/1175] Advance Pre-College Program... mixed, 0 search(es) [SILENT: no search invoked], $0.0011 [changed]
[17/1175] Advanced Bacteriophage Therapy – An Alternative to Antibioti... insufficient_data, 0 search(es) [SILENT: no search invoked], $0.0007 [changed]
[18/1175] Advanced Physics Summer Program... insufficient_data, 0 search(es) [SILENT: no search invoked], $0.0007 [changed]
[19/1175] Advanced Science Ambassador Program... insufficient_data, 0 search(es) [SILENT: no search invoked], $0.0006 [changed]
[20/1175] Aerospace Academy... mixed, 0 search(es) [SILENT: no search invoked], $0.0009 [changed]
[21/1175] AggieSTEM... insufficient_data, 0 search(es) [SILENT: no search invoked], $0.0007 [changed]
[22/1175] AgTech Research Intern... positive, 0 search(es) [SILENT: no search invoked], $0.0011 [changed]
[23/1175] AI-Scholars Pre-College... positive, 0 search(es) [SILENT: no search invoked], $0.0011 [changed]
[24/1175] AI, Data & Ethics: Introduction to Public Interest Technolog... insufficient_data, 0 search(es) [SILENT: no search invoked], $0.0007 [changed]
[25/1175] AI4ALL Internship... positive, 0 search(es) [SILENT: no search invoked], $0.0010 [changed]
[26/1175] AIM Summer Program... positive, 0 search(es) [SILENT: no search invoked], $0.0011 [changed]
[27/1175] AIME... positive, 0 search(es) [SILENT: no search invoked], $0.0013 [changed]
[28/1175] AMC 10 & 12... positive, 0 search(es) [SILENT: no search invoked], $0.0013 [changed]
[29/1175] American Computer Science League... positive, 0 search(es) [SILENT: no search invoked], $0.0012 [changed]
[30/1175] American Legion Camp... positive, 0 search(es) [SILENT: no search invoked], $0.0011 [changed]
[31/1175] American Politics Academy... mixed, 0 search(es) [SILENT: no search invoked], $0.0015 [changed]
[32/1175] American Regions Mathematics League... positive, 0 search(es) [SILENT: no search invoked], $0.0013 [changed]
[33/1175] American Rocketry Challenge... positive, 0 search(es) [SILENT: no search invoked], $0.0013 [changed]
[34/1175] AMRI Research Program... insufficient_data, 0 search(es) [SILENT: no search invoked], $0.0007 [changed]
[35/1175] Anime/Manga Session... insufficient_data, 0 search(es) [SILENT: no search invoked], $0.0007 [changed]
[36/1175] Ann Arbor Entrepreneurship... mixed, 0 search(es) [SILENT: no search invoked], $0.0014 [changed]
[37/1175] Annenberg Youth Academy... positive, 0 search(es) [SILENT: no search invoked], $0.0012 [changed]
[38/1175] Annual Art Competition on Weather... positive, 0 search(es) [SILENT: no search invoked], $0.0009 [changed]
[39/1175] Annual Challenge... positive, 0 search(es) [SILENT: no search invoked], $0.0010 [changed]
[40/1175] Anson L. Clark Scholars Program... positive, 0 search(es) [SILENT: no search invoked], $0.0012 [changed]
[41/1175] Antimicrobial Drug Discovery... positive, 0 search(es) [SILENT: no search invoked], $0.0012 [changed]
[42/1175] Applied Research In Science and Engineering... positive, 0 search(es) [SILENT: no search invoked], $0.0014 [changed]
[43/1175] Apprenticeship Program... positive, 0 search(es) [SILENT: no search invoked], $0.0013 [changed]
[44/1175] Apprenticeship Program... positive, 0 search(es) [SILENT: no search invoked], $0.0011 [changed]
[45/1175] Apprenticeships in Science & Engineering... positive, 0 search(es) [SILENT: no search invoked], $0.0012 [changed]
[46/1175] Architecture Pre-College... positive, 0 search(es) [SILENT: no search invoked], $0.0011 [changed]
[47/1175] Architecture Summer Immersion... positive, 0 search(es) [SILENT: no search invoked], $0.0011 [changed]
[48/1175] ArcStart... positive, 0 search(es) [SILENT: no search invoked], $0.0009 [changed]
[49/1175] ARISE UWCCC Summer High School Cancer Research... positive, 0 search(es) [SILENT: no search invoked], $0.0012 [changed]
[50/1175] Arizona Cancer Center... insufficient_data, 0 search(es) [SILENT: no search invoked], $0.0007 [changed]
[51/1175] Arizona State University... positive, 0 search(es) [SILENT: no search invoked], $0.0011 [changed]
[52/1175] Arizona State University... positive, 0 search(es) [SILENT: no search invoked], $0.0012 [changed]
[53/1175] Arizona State University... insufficient_data, 0 search(es) [SILENT: no search invoked], $0.0006 [changed]
[54/1175] Art & Design Pre-College... positive, 0 search(es) [SILENT: no search invoked], $0.0014 [changed]
[55/1175] Art Camp... insufficient_data, 0 search(es) [SILENT: no search invoked], $0.0007 [changed]
[56/1175] Art Camp: Methods of Making... insufficient_data, 0 search(es) [SILENT: no search invoked], $0.0007 [changed]
[57/1175] Art Museum Summer Academy... insufficient_data, 0 search(es) [SILENT: no search invoked], $0.0007 [changed]
[58/1175] Art Pre-College... positive, 0 search(es) [SILENT: no search invoked], $0.0011 [changed]
[59/1175] Artificial Intelligence Academy... mixed, 0 search(es) [SILENT: no search invoked], $0.0014 [changed]
[60/1175] Artificial Intelligence Bootcamp... mixed, 0 search(es) [SILENT: no search invoked], $0.0011 [changed]
[61/1175] Artificial Intelligence Bootcamp... mixed, 0 search(es) [SILENT: no search invoked], $0.0012 [changed]
[62/1175] Artificial Intelligence Internship... mixed, 0 search(es) [SILENT: no search invoked], $0.0011 [changed]
[63/1175] ASP Summer... positive, 0 search(es) [SILENT: no search invoked], $0.0012 [changed]
[64/1175] ASPIRE... positive, 0 search(es) [SILENT: no search invoked], $0.0012 [changed]
[65/1175] ASPIRE Scholars Program... insufficient_data, 0 search(es) [SILENT: no search invoked], $0.0006 [changed]
[66/1175] Aspiring Scholars Directed Research Program... mixed, 0 search(es) [SILENT: no search invoked], $0.0013 [changed]
[67/1175] Aspirnaut Summer Research... positive, 0 search(es) [SILENT: no search invoked], $0.0013 [changed]
[68/1175] ASSIP Program... positive, 0 search(es) [SILENT: no search invoked], $0.0013 [changed]
[69/1175] ASU... insufficient_data, 0 search(es) [SILENT: no search invoked], $0.0007 [changed]
[70/1175] ASU... insufficient_data, 0 search(es) [SILENT: no search invoked], $0.0007 [changed]
[71/1175] ASU... insufficient_data, 0 search(es) [SILENT: no search invoked], $0.0007 [changed]
[72/1175] Athena Summer Innovation Institute... mixed, 0 search(es) [SILENT: no search invoked], $0.0012 [changed]
[73/1175] Auburn University... insufficient_data, 0 search(es) [SILENT: no search invoked], $0.0006 [changed]
[74/1175] Badger Precollege... positive, 0 search(es) [SILENT: no search invoked], $0.0011 [changed]
[75/1175] Badger Summer Scholars... insufficient_data, 0 search(es) [SILENT: no search invoked], $0.0007 [changed]
[76/1175] Bay Area Entrepreneurship... mixed, 0 search(es) [SILENT: no search invoked], $0.0012 [changed]
[77/1175] Beaverworks... positive, 0 search(es) [SILENT: no search invoked], $0.0011 [changed]
[78/1175] Begin Your Medical Research Journey... mixed, 0 search(es) [SILENT: no search invoked], $0.0017 [changed]
[79/1175] Belin-Blank Research Center... positive, 0 search(es) [SILENT: no search invoked], $0.0016 [changed]
[80/1175] Bentley University... insufficient_data, 0 search(es) [SILENT: no search invoked], $0.0007 [changed]
[81/1175] Bentley University... insufficient_data, 0 search(es) [SILENT: no search invoked], $0.0009 [changed]
[82/1175] Bentley University... insufficient_data, 0 search(es) [SILENT: no search invoked], $0.0006 [changed]
[83/1175] Bentley University... insufficient_data, 0 search(es) [SILENT: no search invoked], $0.0006 [changed]
[84/1175] Berkeley Math Tournament... positive, 0 search(es) [SILENT: no search invoked], $0.0013 [changed]
[85/1175] BFS Internship... insufficient_data, 0 search(es) [SILENT: no search invoked], $0.0007 [changed]
[86/1175] Big Idea Competition... insufficient_data, 0 search(es) [SILENT: no search invoked], $0.0006 [changed]
[87/1175] Big Red Camps... insufficient_data, 0 search(es) [SILENT: no search invoked], $0.0007 [changed]
[88/1175] Big Sky Leadership Forum... insufficient_data, 0 search(es) [SILENT: no search invoked], $0.0007 [changed]
[89/1175] Bioengineering Research... positive, 0 search(es) [SILENT: no search invoked], $0.0011 [changed]
[90/1175] Biomechanics at UNO... insufficient_data, 0 search(es) [SILENT: no search invoked], $0.0007 [changed]
[91/1175] Biomedical Engineering Innovation... positive, 0 search(es) [SILENT: no search invoked], $0.0016 [changed]
[92/1175] Biomedical Research Internship... insufficient_data, 0 search(es) [SILENT: no search invoked], $0.0007 [changed]
[93/1175] Biomedical Research Lectures... mixed, 0 search(es) [SILENT: no search invoked], $0.0012 [changed]
[94/1175] Biophysics Research... insufficient_data, 0 search(es) [SILENT: no search invoked], $0.0007 [changed]
[95/1175] Biotech Academy... insufficient_data, 0 search(es) [SILENT: no search invoked], $0.0006 [changed]
[96/1175] Biotech Summer Camp... insufficient_data, 0 search(es) [SILENT: no search invoked], $0.0007 [changed]
[97/1175] Biotechnology for Science & Health Academy... mixed, 0 search(es) [SILENT: no search invoked], $0.0011 [changed]
[98/1175] Biotechnology Intern... insufficient_data, 0 search(es) [SILENT: no search invoked], $0.0007 [changed]
[99/1175] Biotechnology Lab Techniques... insufficient_data, 0 search(es) [SILENT: no search invoked], $0.0008 [changed]
[100/1175] Biotechnology Sequencing (BTS) Camp... positive, 0 search(es) [SILENT: no search invoked], $0.0012 [changed]
[101/1175] Blum Center at UCI... insufficient_data, 0 search(es) [SILENT: no search invoked], $0.0006 [changed]
[102/1175] Botball Scholarship Competition... positive, 0 search(es) [SILENT: no search invoked], $0.0014 [changed]
[103/1175] Bound Summer Program... positive, 0 search(es) [SILENT: no search invoked], $0.0011 [changed]
[104/1175] Bowdoin College... positive, 0 search(es) [SILENT: no search invoked], $0.0011 [changed]
[105/1175] BrainYac... positive, 0 search(es) [SILENT: no search invoked], $0.0012 [changed]
[106/1175] Branding & Marketing Program... insufficient_data, 0 search(es) [SILENT: no search invoked], $0.0007 [changed]
[107/1175] Bridge Building Contest... positive, 0 search(es) [SILENT: no search invoked], $0.0009 [changed]
[108/1175] Bridge Undergraduate Science Jr. Program... positive, 0 search(es) [SILENT: no search invoked], $0.0011 [changed]
[109/1175] Bridges to Social Justice Academy... insufficient_data, 0 search(es) [SILENT: no search invoked], $0.0007 [changed]
[110/1175] Brown University... mixed, 0 search(es) [SILENT: no search invoked], $0.0014 [changed]
[111/1175] Brown University... mixed, 0 search(es) [SILENT: no search invoked], $0.0011 [changed]
[112/1175] Bruin Ascent Summer Experience (BASE)... insufficient_data, 0 search(es) [SILENT: no search invoked], $0.0007 [changed]
[113/1175] Buffalo Zoo... insufficient_data, 0 search(es) [SILENT: no search invoked], $0.0007 [changed]
[114/1175] Bug Camp... insufficient_data, 0 search(es) [SILENT: no search invoked], $0.0006 [changed]
[115/1175] Building Leadership Strategies Summer Academy... insufficient_data, 0 search(es) [SILENT: no search invoked], $0.0007 [changed]
[116/1175] Business & Marketing Internship... insufficient_data, 0 search(es) [SILENT: no search invoked], $0.0009 [changed]
[117/1175] Business Academy... mixed, 0 search(es) [SILENT: no search invoked], $0.0010 [changed]
[118/1175] Business and Technology Programs... insufficient_data, 0 search(es) [SILENT: no search invoked], $0.0007 [changed]
[119/1175] Business Basics... insufficient_data, 0 search(es) [SILENT: no search invoked], $0.0007 [changed]
[120/1175] Business Competition... positive, 0 search(es) [SILENT: no search invoked], $0.0011 [changed]
[121/1175] Business Immersion... insufficient_data, 0 search(es) [SILENT: no search invoked], $0.0007 [changed]
[122/1175] Business Opportunities Summer Session... positive, 1 search(es), $0.0151 [changed]
[123/1175] Business Research... mixed, 0 search(es) [SILENT: no search invoked], $0.0009 [changed]
[124/1175] Business Summer Institutes... insufficient_data, 0 search(es) [SILENT: no search invoked], $0.0007 [changed]
[125/1175] CAALS3D... insufficient_data, 0 search(es) [SILENT: no search invoked], $0.0007 [changed]
[126/1175] California State University Sacramento (CSUS)... insufficient_data, 0 search(es) [SILENT: no search invoked], $0.0006 [changed]
[127/1175] CAMINOS: Your Journey to College... insufficient_data, 0 search(es) [SILENT: no search invoked], $0.0009 [changed]
[128/1175] Camp Arch... positive, 0 search(es) [SILENT: no search invoked], $0.0016 [changed]
[129/1175] Camp Shule... insufficient_data, 0 search(es) [SILENT: no search invoked], $0.0007 [changed]
[130/1175] Cancer Center... positive, 0 search(es) [SILENT: no search invoked], $0.0013 [changed]
[131/1175] Cancer Epidemiology and Genetics Internship... positive, 0 search(es) [SILENT: no search invoked], $0.0011 [changed]
[132/1175] Captured in Clay... insufficient_data, 0 search(es) [SILENT: no search invoked], $0.0007 [changed]
[133/1175] Cardiothoracic Surgical Skills... mixed, 0 search(es) [SILENT: no search invoked], $0.0011 [changed]
[134/1175] Carver Summer Research Internship... insufficient_data, 0 search(es) [SILENT: no search invoked], $0.0007 [changed]
[135/1175] Case Western Reserve University... positive, 0 search(es) [SILENT: no search invoked], $0.0008 [changed]
[136/1175] CATALYST Academy... positive, 0 search(es) [SILENT: no search invoked], $0.0013 [changed]
[137/1175] CBI... insufficient_data, 0 search(es) [SILENT: no search invoked], $0.0006 [changed]
[138/1175] CCRI - Climate Change... insufficient_data, 0 search(es) [SILENT: no search invoked], $0.0007 [changed]
[139/1175] CCRI - Climate Change... insufficient_data, 0 search(es) [SILENT: no search invoked], $0.0008 [changed]
[140/1175] CCRI - Land... insufficient_data, 0 search(es) [SILENT: no search invoked], $0.0007 [changed]
[141/1175] CCRI - Snow... insufficient_data, 0 search(es) [SILENT: no search invoked], $0.0007 [changed]
[142/1175] CCRI - Urban... insufficient_data, 0 search(es) [SILENT: no search invoked], $0.0007 [changed]
[143/1175] CEAT - Automation and Robotics Discovery... insufficient_data, 0 search(es) [SILENT: no search invoked], $0.0006 [changed]
[144/1175] CED Build Camp... insufficient_data, 0 search(es) [SILENT: no search invoked], $0.0007 [changed]
[145/1175] CED emBARC Academy... positive, 0 search(es) [SILENT: no search invoked], $0.0011 [changed]
[146/1175] CED Summer Institute... positive, 0 search(es) [SILENT: no search invoked], $0.0009 [changed]
[147/1175] Cellular Construction Workshop... insufficient_data, 0 search(es) [SILENT: no search invoked], $0.0007 [changed]
[148/1175] Center for English Language and Orientation Programs... [ERROR] Expecting ',' delimiter: line 7 column 106 (char 509)
[149/1175] Center for Neurotechnology... positive, 0 search(es) [SILENT: no search invoked], $0.0013 [changed]
[150/1175] Challenging Academically Talented Students... insufficient_data, 0 search(es) [SILENT: no search invoked], $0.0007 [changed]
[151/1175] Changemakers Pre-College... insufficient_data, 0 search(es) [SILENT: no search invoked], $0.0007 [changed]
[152/1175] ChemiCo... insufficient_data, 0 search(es) [SILENT: no search invoked], $0.0006 [changed]
[153/1175] China Emerging Leaders... insufficient_data, 0 search(es) [SILENT: no search invoked], $0.0006 [changed]
[154/1175] China Scholars Program... positive, 0 search(es) [SILENT: no search invoked], $0.0011 [changed]
[155/1175] Choir Camp... insufficient_data, 0 search(es) [SILENT: no search invoked], $0.0008 [changed]
[156/1175] CISESS... insufficient_data, 0 search(es) [SILENT: no search invoked], $0.0007 [changed]
[157/1175] Citizen Entrepreneurship Competition... insufficient_data, 0 search(es) [SILENT: no search invoked], $0.0007 [changed]
[158/1175] Citizens Thinkers Writers... insufficient_data, 0 search(es) [SILENT: no search invoked], $0.0010 [changed]
[159/1175] City of Albany... insufficient_data, 0 search(es) [SILENT: no search invoked], $0.0006 [changed]
[160/1175] City of Rochester... insufficient_data, 0 search(es) [SILENT: no search invoked], $0.0007 [changed]
[161/1175] CityLab Biotechnology SummerLab... insufficient_data, 0 search(es) [SILENT: no search invoked], $0.0007 [changed]
[162/1175] Civic Engagement Leadership Academy... insufficient_data, 0 search(es) [SILENT: no search invoked], $0.0006 [changed]
[163/1175] Civic Leadership Institute... insufficient_data, 0 search(es) [SILENT: no search invoked], $0.0007 [changed]
[164/1175] Clarkson University... positive, 0 search(es) [SILENT: no search invoked], $0.0009 [changed]
[165/1175] Climate Science at UNL... insufficient_data, 0 search(es) [SILENT: no search invoked], $0.0007 [changed]
[166/1175] Clinical Anatomy... mixed, 0 search(es) [SILENT: no search invoked], $0.0011 [changed]
[167/1175] Clinical Summer Internship... mixed, 0 search(es) [SILENT: no search invoked], $0.0015 [changed]
[168/1175] Clinical Summer Internship... mixed, 0 search(es) [SILENT: no search invoked], $0.0015 [changed]
[169/1175] CLIP Leadership & Innovation... insufficient_data, 0 search(es) [SILENT: no search invoked], $0.0007 [changed]
[170/1175] CMIMC Math Competition... positive, 0 search(es) [SILENT: no search invoked], $0.0011 [changed]
[171/1175] CMM Math Tournament... positive, 0 search(es) [SILENT: no search invoked], $0.0011 [changed]
[172/1175] Coding and Robotics Intern... insufficient_data, 0 search(es) [SILENT: no search invoked], $0.0007 [changed]
[173/1175] Coding for Game Design... insufficient_data, 0 search(es) [SILENT: no search invoked], $0.0007 [changed]
[174/1175] Coding for Game Design... insufficient_data, 0 search(es) [SILENT: no search invoked], $0.0011 [changed]
[175/1175] Coding Program... positive, 0 search(es) [SILENT: no search invoked], $0.0014 [changed]
[176/1175] Colgate University... positive, 0 search(es) [SILENT: no search invoked], $0.0009 [changed]
[177/1175] College Access Leadership Institute... insufficient_data, 0 search(es) [SILENT: no search invoked], $0.0007 [changed]
[178/1175] College Bridge... insufficient_data, 0 search(es) [SILENT: no search invoked], $0.0008 [changed]
[179/1175] College Bridge... insufficient_data, 0 search(es) [SILENT: no search invoked], $0.0007 [changed]
[180/1175] College Edge: Summer... mixed, 0 search(es) [SILENT: no search invoked], $0.0013 [changed]
[181/1175] College of Design Pre-College... insufficient_data, 0 search(es) [SILENT: no search invoked], $0.0007 [changed]
[182/1175] College Prep Program... mixed, 0 search(es) [SILENT: no search invoked], $0.0015 [changed]
[183/1175] College Prep Program... mixed, 0 search(es) [SILENT: no search invoked], $0.0013 [changed]
[184/1175] College Summer Studies... positive, 0 search(es) [SILENT: no search invoked], $0.0011 [changed]
[185/1175] College-Bound STEM Academy... insufficient_data, 0 search(es) [SILENT: no search invoked], $0.0009 [changed]
[186/1175] Collegiate Seminar Program... insufficient_data, 0 search(es) [SILENT: no search invoked], $0.0007 [changed]
[187/1175] Colorado School of Mines... positive, 0 search(es) [SILENT: no search invoked], $0.0009 [changed]
[188/1175] Columbia... insufficient_data, 0 search(es) [SILENT: no search invoked], $0.0007 [changed]
[189/1175] Columbia Writing Academy: Summer... mixed, 0 search(es) [SILENT: no search invoked], $0.0011 [changed]
[190/1175] Communications Intern... positive, 0 search(es) [SILENT: no search invoked], $0.0012 [changed]
[191/1175] Computational Biology Pre-College... positive, 0 search(es) [SILENT: no search invoked], $0.0012 [changed]
[192/1175] Computational Biology Research... positive, 0 search(es) [SILENT: no search invoked], $0.0012 [changed]
[193/1175] Computer & Data Science Camp... insufficient_data, 0 search(es) [SILENT: no search invoked], $0.0007 [changed]
[194/1175] Computer Engineering for Good... insufficient_data, 0 search(es) [SILENT: no search invoked], $0.0007 [changed]
[195/1175] Computer Science and Informatics... mixed, 0 search(es) [SILENT: no search invoked], $0.0011 [changed]
[196/1175] Computer Science for Cyber Security... positive, 0 search(es) [SILENT: no search invoked], $0.0012 [changed]
[197/1175] Computer Science Summer Academics... positive, 0 search(es) [SILENT: no search invoked], $0.0014 [changed]
[198/1175] Computing Program... insufficient_data, 0 search(es) [SILENT: no search invoked], $0.0007 [changed]
[199/1175] Congressional App Challenge... positive, 0 search(es) [SILENT: no search invoked], $0.0012 [changed]
[200/1175] Congressional Art Competition... positive, 0 search(es) [SILENT: no search invoked], $0.0013 [changed]
[201/1175] Conrad Challenge... positive, 0 search(es) [SILENT: no search invoked], $0.0012 [changed]
[202/1175] Consider Engineering Summer Camp... insufficient_data, 0 search(es) [SILENT: no search invoked], $0.0007 [changed]
[203/1175] Cooper Union... positive, 0 search(es) [SILENT: no search invoked], $0.0012 [changed]
[204/1175] Cooper Union... insufficient_data, 0 search(es) [SILENT: no search invoked], $0.0007 [changed]
[205/1175] Cooper Union... insufficient_data, 0 search(es) [SILENT: no search invoked], $0.0007 [changed]
[206/1175] Cornell University... insufficient_data, 0 search(es) [SILENT: no search invoked], $0.0006 [changed]
[207/1175] CreateTech Camp... insufficient_data, 0 search(es) [SILENT: no search invoked], $0.0007 [changed]
[208/1175] Creative Writing Academy... insufficient_data, 0 search(es) [SILENT: no search invoked], $0.0006 [changed]
[209/1175] Creative Writing Program... insufficient_data, 0 search(es) [SILENT: no search invoked], $0.0007 [changed]
[210/1175] CReSIS... insufficient_data, 0 search(es) [SILENT: no search invoked], $0.0007 [changed]
[211/1175] CS Scholars Pre-College... positive, 0 search(es) [SILENT: no search invoked], $0.0011 [changed]
[212/1175] CSU... insufficient_data, 0 search(es) [SILENT: no search invoked], $0.0007 [changed]
[213/1175] CU Boulder... insufficient_data, 0 search(es) [SILENT: no search invoked], $0.0006 [changed]
[214/1175] CURE - Summer Only... positive, 0 search(es) [SILENT: no search invoked], $0.0012 [changed]
[215/1175] CURIE Academy... positive, 0 search(es) [SILENT: no search invoked], $0.0011 [changed]
[216/1175] Cyber Camp... insufficient_data, 0 search(es) [SILENT: no search invoked], $0.0007 [changed]
[217/1175] Cyber Patriot Competition... positive, 0 search(es) [SILENT: no search invoked], $0.0012 [changed]
[218/1175] Davidson College... insufficient_data, 0 search(es) [SILENT: no search invoked], $0.0006 [changed]
[219/1175] DaVinci Summer Camp... insufficient_data, 0 search(es) [SILENT: no search invoked], $0.0009 [changed]
[220/1175] Debate and Public Speaking Intensive... insufficient_data, 0 search(es) [SILENT: no search invoked], $0.0007 [changed]
[221/1175] Della Pietra HS Program... insufficient_data, 0 search(es) [SILENT: no search invoked], $0.0007 [changed]
[222/1175] Democracy Scholars... insufficient_data, 0 search(es) [SILENT: no search invoked], $0.0007 [changed]
[223/1175] Dentistry Saturday Academy... insufficient_data, 0 search(es) [SILENT: no search invoked], $0.0007 [changed]
[224/1175] Design Discovery Program... insufficient_data, 0 search(es) [SILENT: no search invoked], $0.0007 [changed]
[225/1175] Design Lab Program... insufficient_data, 0 search(es) [SILENT: no search invoked], $0.0008 [changed]
[226/1175] Design Media Arts... mixed, 0 search(es) [SILENT: no search invoked], $0.0011 [changed]
[227/1175] Design Pre-College... positive, 0 search(es) [SILENT: no search invoked], $0.0011 [changed]
[228/1175] Design, Invent & Innovate... insufficient_data, 0 search(es) [SILENT: no search invoked], $0.0007 [changed]
[229/1175] Destination Imagination Challenge... positive, 0 search(es) [SILENT: no search invoked], $0.0011 [changed]
[230/1175] DHC Program... insufficient_data, 0 search(es) [SILENT: no search invoked], $0.0007 [changed]
[231/1175] Digital Marketing Academy... mixed, 0 search(es) [SILENT: no search invoked], $0.0011 [changed]
[232/1175] Discover Accounting... insufficient_data, 0 search(es) [SILENT: no search invoked], $0.0007 [changed]
[233/1175] Discover Actuarial Science... insufficient_data, 0 search(es) [SILENT: no search invoked], $0.0006 [changed]
[234/1175] Discover Architecture... insufficient_data, 0 search(es) [SILENT: no search invoked], $0.0008 [changed]
[235/1175] Discover Architecture... insufficient_data, 0 search(es) [SILENT: no search invoked], $0.0006 [changed]
[236/1175] Discover Biomedical Research Summer Program... insufficient_data, 0 search(es) [SILENT: no search invoked], $0.0007 [changed]
[237/1175] Discover How the Systems of the Body Work Together... mixed, 0 search(es) [SILENT: no search invoked], $0.0011 [changed]
[238/1175] Discover Nursing and Its Vital Role in Healthcare... mixed, 0 search(es) [SILENT: no search invoked], $0.0012 [changed]
[239/1175] Discover the Exciting World of Surgery... mixed, 0 search(es) [SILENT: no search invoked], $0.0012 [changed]
[240/1175] Discover the Fast-Paced World of Journalism... mixed, 0 search(es) [SILENT: no search invoked], $0.0012 [changed]
[241/1175] Discovering Engineering... positive, 0 search(es) [SILENT: no search invoked], $0.0011 [changed]
[242/1175] Discovery Program... positive, 0 search(es) [SILENT: no search invoked], $0.0011 [changed]
[243/1175] Discovery to Cure Program... positive, 0 search(es) [SILENT: no search invoked], $0.0011 [changed]
[244/1175] Doodle Competition... positive, 0 search(es) [SILENT: no search invoked], $0.0011 [changed]
[245/1175] Double Discovery Center... insufficient_data, 0 search(es) [SILENT: no search invoked], $0.0007 [changed]
[246/1175] Drama Pre-College... positive, 0 search(es) [SILENT: no search invoked], $0.0021 [changed]
[247/1175] DREAMBIG Academy... positive, 0 search(es) [SILENT: no search invoked], $0.0011 [changed]
[248/1175] Drexel University... insufficient_data, 0 search(es) [SILENT: no search invoked], $0.0006 [changed]
[249/1175] DSAP Program... insufficient_data, 0 search(es) [SILENT: no search invoked], $0.0007 [changed]
[250/1175] Duke Math Meet... insufficient_data, 0 search(es) [SILENT: no search invoked], $0.0007 [changed]
[251/1175] Duke University... positive, 0 search(es) [SILENT: no search invoked], $0.0011 [changed]
[252/1175] Dune Neuroscience Experience... insufficient_data, 0 search(es) [SILENT: no search invoked], $0.0007 [changed]
[253/1175] EAOP... insufficient_data, 0 search(es) [SILENT: no search invoked], $0.0007 [changed]
[254/1175] Early College Credit Program... positive, 0 search(es) [SILENT: no search invoked], $0.0009 [changed]
[255/1175] Earth & Mineral Science Exposition... insufficient_data, 0 search(es) [SILENT: no search invoked], $0.0006 [changed]
[256/1175] Earthquake Program... insufficient_data, 0 search(es) [SILENT: no search invoked], $0.0009 [changed]
[257/1175] Eco-Marathon Competition... positive, 0 search(es) [SILENT: no search invoked], $0.0011 [changed]
[258/1175] Economics Policy Academy... mixed, 0 search(es) [SILENT: no search invoked], $0.0013 [changed]
[259/1175] Ellen Brenner Internship... insufficient_data, 0 search(es) [SILENT: no search invoked], $0.0007 [changed]
[260/1175] Emergent Quantum Materials and Technologies... insufficient_data, 0 search(es) [SILENT: no search invoked], $0.0007 [changed]
[261/1175] Emerging Rural Leaders I... positive, 0 search(es) [SILENT: no search invoked], $0.0015 [changed]
[262/1175] Emerging Rural Leaders II... positive, 0 search(es) [SILENT: no search invoked], $0.0011 [changed]
[263/1175] Emerging Scholars Academy... insufficient_data, 0 search(es) [SILENT: no search invoked], $0.0010 [changed]
[264/1175] Emerging World Leaders... insufficient_data, 0 search(es) [SILENT: no search invoked], $0.0009 [changed]
[265/1175] Finance Camp... insufficient_data, 0 search(es) [SILENT: no search invoked], $0.0007 [changed]
[266/1175] Emory & Henry College... insufficient_data, 0 search(es) [SILENT: no search invoked], $0.0007 [changed]
[267/1175] Engineering & CS Camp... insufficient_data, 0 search(es) [SILENT: no search invoked], $0.0007 [changed]
[268/1175] Engineering Camp... positive, 0 search(es) [SILENT: no search invoked], $0.0009 [changed]
[269/1175] Engineering Design Summer Institute... insufficient_data, 0 search(es) [SILENT: no search invoked], $0.0007 [changed]
[270/1175] Engineering Discovery for Girls... insufficient_data, 0 search(es) [SILENT: no search invoked], $0.0006 [changed]
[271/1175] Engineering Possibilities in College... positive, 0 search(es) [SILENT: no search invoked], $0.0015 [changed]
[272/1175] Engineering Program... insufficient_data, 0 search(es) [SILENT: no search invoked], $0.0007 [changed]
[273/1175] Engineering Summer Academy... insufficient_data, 0 search(es) [SILENT: no search invoked], $0.0007 [changed]
[274/1175] Engineering Summer Camp... positive, 0 search(es) [SILENT: no search invoked], $0.0011 [changed]
[275/1175] Engineering Virtual Summer Program... insufficient_data, 0 search(es) [SILENT: no search invoked], $0.0007 [changed]
[276/1175] Engineering, Math and Science Camp... insufficient_data, 2 search(es), $0.0288 [changed]
[277/1175] ENLACE Summer Research... positive, 0 search(es) [SILENT: no search invoked], $0.0012 [changed]
[278/1175] Entrepreneurship Academy... mixed, 0 search(es) [SILENT: no search invoked], $0.0011 [changed]
[279/1175] Entrepreneurship Challenge... positive, 0 search(es) [SILENT: no search invoked], $0.0013 [changed]
[280/1175] Entrepreneurship Competition... positive, 0 search(es) [SILENT: no search invoked], $0.0011 [changed]
[281/1175] Entrepreneurship Competition... insufficient_data, 0 search(es) [SILENT: no search invoked], $0.0010 [changed]
[282/1175] Environmental Sciences Programs... insufficient_data, 0 search(es) [SILENT: no search invoked], $0.0007 [changed]
[283/1175] EnvironMentors... insufficient_data, 0 search(es) [SILENT: no search invoked], $0.0006 [changed]
[284/1175] Essentials of Leadership... mixed, 0 search(es) [SILENT: no search invoked], $0.0015 [changed]
[285/1175] ESTEEM/SER-Quest Summer Program... insufficient_data, 0 search(es) [SILENT: no search invoked], $0.0008 [changed]
[286/1175] Evolution through Culture Camp... insufficient_data, 0 search(es) [SILENT: no search invoked], $0.0007 [changed]
[287/1175] Ewgis Program... insufficient_data, 0 search(es) [SILENT: no search invoked], $0.0007 [changed]
[288/1175] Experience in Research... positive, 0 search(es) [SILENT: no search invoked], $0.0012 [changed]
[289/1175] Explorations in Biology... insufficient_data, 0 search(es) [SILENT: no search invoked], $0.0007 [changed]
[290/1175] Explore Cyber Threats and Security... mixed, 0 search(es) [SILENT: no search invoked], $0.0012 [changed]
[291/1175] Exploring Frontiers... insufficient_data, 0 search(es) [SILENT: no search invoked], $0.0009 [changed]
[292/1175] Extended Studies... mixed, 0 search(es) [SILENT: no search invoked], $0.0013 [changed]
[293/1175] FAA Summer Intensive... insufficient_data, 0 search(es) [SILENT: no search invoked], $0.0007 [changed]
[294/1175] Fab Lab: 3D Printing... insufficient_data, 0 search(es) [SILENT: no search invoked], $0.0007 [changed]
[295/1175] Fall STEM Camp... insufficient_data, 0 search(es) [SILENT: no search invoked], $0.0007 [changed]
[296/1175] Fashion Technology Summer Program... insufficient_data, 0 search(es) [SILENT: no search invoked], $0.0007 [changed]
[297/1175] FAU... insufficient_data, 0 search(es) [SILENT: no search invoked], $0.0007 [changed]
[298/1175] Fellows Scholarship Competition... positive, 0 search(es) [SILENT: no search invoked], $0.0011 [changed]
[299/1175] Fellowship Program... insufficient_data, 0 search(es) [SILENT: no search invoked], $0.0007 [changed]
[300/1175] Filmmakers Workshop... insufficient_data, 0 search(es) [SILENT: no search invoked], $0.0008 [changed]
[301/1175] FinDS Summer Program... insufficient_data, 0 search(es) [SILENT: no search invoked], $0.0006 [changed]
[302/1175] Fire Protection Discovery Program... insufficient_data, 0 search(es) [SILENT: no search invoked], $0.0007 [changed]
[303/1175] FIU... insufficient_data, 0 search(es) [SILENT: no search invoked], $0.0007 [changed]
[304/1175] FIU... insufficient_data, 0 search(es) [SILENT: no search invoked], $0.0007 [changed]
[305/1175] Florida International University... insufficient_data, 0 search(es) [SILENT: no search invoked], $0.0006 [changed]
[306/1175] Food Science Camp... insufficient_data, 0 search(es) [SILENT: no search invoked], $0.0007 [changed]
[307/1175] Fordham University... mixed, 0 search(es) [SILENT: no search invoked], $0.0010 [changed]
[308/1175] Fordham University... insufficient_data, 0 search(es) [SILENT: no search invoked], $0.0006 [changed]
[309/1175] Fordham University... insufficient_data, 0 search(es) [SILENT: no search invoked], $0.0007 [changed]
[310/1175] Foreign Policy Academy... mixed, 0 search(es) [SILENT: no search invoked], $0.0012 [changed]
[311/1175] Forensic Science Academy... insufficient_data, 0 search(es) [SILENT: no search invoked], $0.0011 [changed]
[312/1175] Forensic Science Camp... insufficient_data, 0 search(es) [SILENT: no search invoked], $0.0007 [changed]
[313/1175] Forensic Science Camp... insufficient_data, 0 search(es) [SILENT: no search invoked], $0.0007 [changed]
[314/1175] Forensics Exploration... insufficient_data, 0 search(es) [SILENT: no search invoked], $0.0007 [changed]
[315/1175] Forensics Investigators... insufficient_data, 0 search(es) [SILENT: no search invoked], $0.0007 [changed]
[316/1175] Foundations of Psychological Research... mixed, 0 search(es) [SILENT: no search invoked], $0.0011 [changed]
[317/1175] FPE Summer Camp... insufficient_data, 0 search(es) [SILENT: no search invoked], $0.0011 [changed]
[318/1175] FtRi Research... positive, 0 search(es) [SILENT: no search invoked], $0.0014 [changed]
[319/1175] Future Generations of Women Leaders... mixed, 0 search(es) [SILENT: no search invoked], $0.0022 [changed]
[320/1175] Future Leaders Program... insufficient_data, 0 search(es) [SILENT: no search invoked], $0.0007 [changed]
[321/1175] Future Leaders Program... positive, 0 search(es) [SILENT: no search invoked], $0.0012 [changed]
[322/1175] Future Scholars... positive, 0 search(es) [SILENT: no search invoked], $0.0009 [changed]
[323/1175] Gear Up... insufficient_data, 0 search(es) [SILENT: no search invoked], $0.0007 [changed]
[324/1175] GEMS... positive, 0 search(es) [SILENT: no search invoked], $0.0011 [changed]
[325/1175] GenCyber Summer Camp... insufficient_data, 0 search(es) [SILENT: no search invoked], $0.0008 [changed]
[326/1175] GENIUS Olympiad... mixed, 0 search(es) [SILENT: no search invoked], $0.0013 [changed]
[327/1175] Genomics Research... positive, 0 search(es) [SILENT: no search invoked], $0.0014 [changed]
[328/1175] GEnYuS... insufficient_data, 0 search(es) [SILENT: no search invoked], $0.0009 [changed]
[329/1175] Georgetown University... positive, 0 search(es) [SILENT: no search invoked], $0.0011 [changed]
[330/1175] Georgia Institute of Technology... insufficient_data, 0 search(es) [SILENT: no search invoked], $0.0011 [changed]
[331/1175] Georgia State... insufficient_data, 0 search(es) [SILENT: no search invoked], $0.0006 [changed]
[332/1175] Georgia Tech... insufficient_data, 0 search(es) [SILENT: no search invoked], $0.0006 [changed]
[333/1175] Georgia Tech... insufficient_data, 0 search(es) [SILENT: no search invoked], $0.0006 [changed]
[334/1175] Gerard K. O’Neill Space Settlement Contest... positive, 0 search(es) [SILENT: no search invoked], $0.0010 [changed]
[335/1175] Girls in Math... insufficient_data, 0 search(es) [SILENT: no search invoked], $0.0007 [changed]
[336/1175] Girls Talk Math Camp... insufficient_data, 0 search(es) [SILENT: no search invoked], $0.0007 [changed]
[337/1175] GIS Challenge... positive, 0 search(es) [SILENT: no search invoked], $0.0011 [changed]
[338/1175] Global Youth Entrepreneurship Challenge... insufficient_data, 0 search(es) [SILENT: no search invoked], $0.0009 [changed]
[339/1175] Global Youth Program... mixed, 0 search(es) [SILENT: no search invoked], $0.0015 [changed]
[340/1175] Google CS Summer Institute... positive, 0 search(es) [SILENT: no search invoked], $0.0011 [changed]
[341/1175] GSTEM... positive, 0 search(es) [SILENT: no search invoked], $0.0016 [changed]
[342/1175] GSTEM Online Data Science... positive, 0 search(es) [SILENT: no search invoked], $0.0011 [changed]
[343/1175] GSU... insufficient_data, 0 search(es) [SILENT: no search invoked], $0.0007 [changed]
[344/1175] GU... mixed, 0 search(es) [SILENT: no search invoked], $0.0012 [changed]
[345/1175] GUIC Summer Camp... insufficient_data, 0 search(es) [SILENT: no search invoked], $0.0010 [changed]
[346/1175] HAAS Business... mixed, 0 search(es) [SILENT: no search invoked], $0.0012 [changed]
[347/1175] Harper Research Cures Cancer Corps... insufficient_data, 0 search(es) [SILENT: no search invoked], $0.0009 [changed]
[348/1175] Harvard... positive, 1 search(es), $0.0151 [changed]
[349/1175] Harvard University... insufficient_data, 0 search(es) [SILENT: no search invoked], $0.0006 [changed]
[350/1175] Harvard University... insufficient_data, 0 search(es) [SILENT: no search invoked], $0.0009 [changed]
[351/1175] HAS Astronomy... positive, 0 search(es) [SILENT: no search invoked], $0.0012 [changed]
[352/1175] Health & Biomedical Camp... insufficient_data, 0 search(es) [SILENT: no search invoked], $0.0006 [changed]
[353/1175] Health and Society Institute... positive, 0 search(es) [SILENT: no search invoked], $0.0011 [changed]
[354/1175] Health Professions Program... insufficient_data, 0 search(es) [SILENT: no search invoked], $0.0007 [changed]
[355/1175] Healthcare Exploration... insufficient_data, 0 search(es) [SILENT: no search invoked], $0.0007 [changed]
[356/1175] HealthLink... insufficient_data, 0 search(es) [SILENT: no search invoked], $0.0006 [changed]
[357/1175] High School Camp... insufficient_data, 0 search(es) [SILENT: no search invoked], $0.0006 [changed]
[358/1175] High School Competitions... positive, 0 search(es) [SILENT: no search invoked], $0.0012 [changed]
[359/1175] High School Conservatory... mixed, 0 search(es) [SILENT: no search invoked], $0.0011 [changed]
[360/1175] High School Honors... mixed, 0 search(es) [SILENT: no search invoked], $0.0013 [changed]
[361/1175] High School Honors... mixed, 0 search(es) [SILENT: no search invoked], $0.0015 [changed]
[362/1175] High School Internship Program... positive, 0 search(es) [SILENT: no search invoked], $0.0012 [changed]
[363/1175] High School Internship Program... insufficient_data, 0 search(es) [SILENT: no search invoked], $0.0007 [changed]
[364/1175] High School Internships... positive, 0 search(es) [SILENT: no search invoked], $0.0013 [changed]
[365/1175] High School Law Institute... positive, 0 search(es) [SILENT: no search invoked], $0.0011 [changed]
[366/1175] High School Programming... insufficient_data, 0 search(es) [SILENT: no search invoked], $0.0007 [changed]
[367/1175] High School Research Internship... insufficient_data, 0 search(es) [SILENT: no search invoked], $0.0007 [changed]
[368/1175] High School Research Program... positive, 0 search(es) [SILENT: no search invoked], $0.0013 [changed]
[369/1175] High School Scholars... insufficient_data, 0 search(es) [SILENT: no search invoked], $0.0007 [changed]
[370/1175] High School Scholars... insufficient_data, 0 search(es) [SILENT: no search invoked], $0.0007 [changed]
[371/1175] High School Space Exploration Camp... insufficient_data, 0 search(es) [SILENT: no search invoked], $0.0007 [changed]
[372/1175] High School Summer Internship Program... insufficient_data, 0 search(es) [SILENT: no search invoked], $0.0007 [changed]
[373/1175] High School Summer Program... positive, 0 search(es) [SILENT: no search invoked], $0.0014 [changed]
[374/1175] High School Summer Program... mixed, 0 search(es) [SILENT: no search invoked], $0.0013 [changed]
[375/1175] HighTech Bound... positive, 0 search(es) [SILENT: no search invoked], $0.0011 [changed]
[376/1175] Hinton Scholars... insufficient_data, 0 search(es) [SILENT: no search invoked], $0.0007 [changed]
[377/1175] Honors Summer... positive, 0 search(es) [SILENT: no search invoked], $0.0012 [changed]
[378/1175] Horticultural Science Summer Institute... insufficient_data, 0 search(es) [SILENT: no search invoked], $0.0006 [changed]
[379/1175] Host-Microbe Mutualism... positive, 0 search(es) [SILENT: no search invoked], $0.0016 [changed]
[380/1175] How Cells Ensure Accurate Chromosome Segregation Internship... insufficient_data, 0 search(es) [SILENT: no search invoked], $0.0007 [changed]
[381/1175] How To Think Like an Attorney... mixed, 0 search(es) [SILENT: no search invoked], $0.0014 [changed]
[382/1175] Howling With Cals... insufficient_data, 0 search(es) [SILENT: no search invoked], $0.0007 [changed]
[383/1175] HPEC Economics Challenge... insufficient_data, 0 search(es) [SILENT: no search invoked], $0.0007 [changed]
[384/1175] HPREP... positive, 0 search(es) [SILENT: no search invoked], $0.0011 [changed]
[385/1175] HSHP... positive, 0 search(es) [SILENT: no search invoked], $0.0016 [changed]
[386/1175] HSRA Summer Program... positive, 0 search(es) [SILENT: no search invoked], $0.0011 [changed]
[387/1175] Human Exploration Rover Challenge... positive, 0 search(es) [SILENT: no search invoked], $0.0011 [changed]
[388/1175] Human Resources Intern... positive, 0 search(es) [SILENT: no search invoked], $0.0011 [changed]
[389/1175] Pre-College... mixed, 0 search(es) [SILENT: no search invoked], $0.0015 [changed]
[390/1175] IAS Computes... insufficient_data, 0 search(es) [SILENT: no search invoked], $0.0007 [changed]
[391/1175] ICaRE Summer Science... insufficient_data, 1 search(es), $0.0147 [changed]
[392/1175] ICS Summer Academy... insufficient_data, 0 search(es) [SILENT: no search invoked], $0.0008 [changed]
[393/1175] IFAL... insufficient_data, 0 search(es) [SILENT: no search invoked], $0.0007 [changed]
[394/1175] Ignite Your Passion for International Law... mixed, 0 search(es) [SILENT: no search invoked], $0.0013 [changed]
[395/1175] Imagine Cup... positive, 0 search(es) [SILENT: no search invoked], $0.0012 [changed]
[396/1175] Information Technology Intern... positive, 0 search(es) [SILENT: no search invoked], $0.0010 [changed]
[397/1175] Innovation in Music Academy... mixed, 0 search(es) [SILENT: no search invoked], $0.0012 [changed]
[398/1175] Institute of Biomedical Research... mixed, 0 search(es) [SILENT: no search invoked], $0.0011 [changed]
[399/1175] Intensive Law Program... mixed, 1 search(es), $0.0154 [changed]
[400/1175] International Academic Competitions... positive, 0 search(es) [SILENT: no search invoked], $0.0012 [changed]
[401/1175] International Biology Olympiad... positive, 0 search(es) [SILENT: no search invoked], $0.0011 [changed]
[402/1175] International History Olympiad... mixed, 0 search(es) [SILENT: no search invoked], $0.0009 [changed]
[403/1175] International Linguistics Olympiad... positive, 0 search(es) [SILENT: no search invoked], $0.0011 [changed]
[404/1175] International Mathematical Olympiad... positive, 0 search(es) [SILENT: no search invoked], $0.0011 [changed]
[405/1175] International Physics Olympiad... positive, 0 search(es) [SILENT: no search invoked], $0.0011 [changed]
[406/1175] International Relations Academy... mixed, 0 search(es) [SILENT: no search invoked], $0.0013 [changed]
[407/1175] International Space Settlement Design Competition... positive, 0 search(es) [SILENT: no search invoked], $0.0013 [changed]
[408/1175] Internship Program... [ERROR] Expecting ',' delimiter: line 7 column 117 (char 495)
[409/1175] Internship Program... positive, 0 search(es) [SILENT: no search invoked], $0.0011 [changed]
[410/1175] Internship Program... positive, 0 search(es) [SILENT: no search invoked], $0.0013 [changed]
[411/1175] Introduction to Logic... insufficient_data, 0 search(es) [SILENT: no search invoked], $0.0007 [changed]
[412/1175] Introduction to Programming Python... insufficient_data, 0 search(es) [SILENT: no search invoked], $0.0007 [changed]
[413/1175] Investigation and Training in Careers in Health... insufficient_data, 0 search(es) [SILENT: no search invoked], $0.0007 [changed]
[414/1175] ISEF Competition... positive, 0 search(es) [SILENT: no search invoked], $0.0011 [changed]
[415/1175] ISYM Programs... positive, 0 search(es) [SILENT: no search invoked], $0.0010 [changed]
[416/1175] Jim Baen Memorial Short Story Award... positive, 0 search(es) [SILENT: no search invoked], $0.0010 [changed]
[417/1175] Jindal School of Management... insufficient_data, 0 search(es) [SILENT: no search invoked], $0.0007 [changed]
[418/1175] Johns Hopkins University... insufficient_data, 0 search(es) [SILENT: no search invoked], $0.0007 [changed]
[419/1175] Journalism Institute... positive, 0 search(es) [SILENT: no search invoked], $0.0011 [changed]
[420/1175] Joy of Coding... insufficient_data, 0 search(es) [SILENT: no search invoked], $0.0007 [changed]
[421/1175] JSEP... insufficient_data, 0 search(es) [SILENT: no search invoked], $0.0011 [changed]
[422/1175] JumpstART... insufficient_data, 0 search(es) [SILENT: no search invoked], $0.0007 [changed]
[423/1175] JumpStart Camp... insufficient_data, 0 search(es) [SILENT: no search invoked], $0.0006 [changed]
[424/1175] Junior Business Badgers... insufficient_data, 0 search(es) [SILENT: no search invoked], $0.0007 [changed]
[425/1175] Junior Science & Humanities... positive, 0 search(es) [SILENT: no search invoked], $0.0011 [changed]
[426/1175] Junior Science & Humanities Competition... positive, 0 search(es) [SILENT: no search invoked], $0.0012 [changed]
[427/1175] Keller BLOOM Program... positive, 0 search(es) [SILENT: no search invoked], $0.0012 [changed]
[428/1175] Kent State University... insufficient_data, 0 search(es) [SILENT: no search invoked], $0.0007 [changed]
[429/1175] Kentucky Forest Leadership Program... insufficient_data, 0 search(es) [SILENT: no search invoked], $0.0006 [changed]
[430/1175] Kimberly Querrey Research... positive, 0 search(es) [SILENT: no search invoked], $0.0009 [changed]
[431/1175] KU Cancer Center... insufficient_data, 0 search(es) [SILENT: no search invoked], $0.0007 [changed]
[432/1175] Laboratory for Laser Energetics... insufficient_data, 0 search(es) [SILENT: no search invoked], $0.0007 [changed]
[433/1175] Laboratory Learning Program... positive, 0 search(es) [SILENT: no search invoked], $0.0011 [changed]
[434/1175] Ladders for Leaders... positive, 1 search(es), $0.0152 [changed]
[435/1175] Lamont-Doherty Earth Observatory... insufficient_data, 0 search(es) [SILENT: no search invoked], $0.0007 [changed]
[436/1175] Language Summer Academy... insufficient_data, 0 search(es) [SILENT: no search invoked], $0.0006 [changed]
[437/1175] Law Academy... mixed, 0 search(es) [SILENT: no search invoked], $0.0013 [changed]
[438/1175] Law Summer School... mixed, 0 search(es) [SILENT: no search invoked], $0.0013 [changed]
[439/1175] Leadership Institute... mixed, 0 search(es) [SILENT: no search invoked], $0.0015 [changed]
[440/1175] Leadership Project... positive, 0 search(es) [SILENT: no search invoked], $0.0013 [changed]
[441/1175] Leadership Scholars... positive, 0 search(es) [SILENT: no search invoked], $0.0011 [changed]
[442/1175] Leadership Seminars... positive, 0 search(es) [SILENT: no search invoked], $0.0011 [changed]
[443/1175] Learn How Entrepreneurs Identify and Solve Problems... mixed, 0 search(es) [SILENT: no search invoked], $0.0013 [changed]
[444/1175] Learn How Investors Create Wealth... insufficient_data, 0 search(es) [SILENT: no search invoked], $0.0007 [changed]
[445/1175] Learn What It Takes To Lead... mixed, 0 search(es) [SILENT: no search invoked], $0.0012 [changed]
[446/1175] Life Sciences Research... positive, 0 search(es) [SILENT: no search invoked], $0.0011 [changed]
[447/1175] Lincoln Laboratory... insufficient_data, 0 search(es) [SILENT: no search invoked], $0.0009 [changed]
[448/1175] Livestock Science Camp... insufficient_data, 0 search(es) [SILENT: no search invoked], $0.0007 [changed]
[449/1175] Los Angeles Institute... positive, 0 search(es) [SILENT: no search invoked], $0.0014 [changed]
[450/1175] Louisville High School... insufficient_data, 0 search(es) [SILENT: no search invoked], $0.0007 [changed]
[451/1175] LSU... insufficient_data, 0 search(es) [SILENT: no search invoked], $0.0006 [changed]
[452/1175] LUC... insufficient_data, 0 search(es) [SILENT: no search invoked], $0.0007 [changed]
[453/1175] Machine Learning Program... insufficient_data, 0 search(es) [SILENT: no search invoked], $0.0006 [changed]
[454/1175] Machine Learning Program... mixed, 0 search(es) [SILENT: no search invoked], $0.0009 [changed]
[455/1175] Management & Technology Summer Institute... positive, 0 search(es) [SILENT: no search invoked], $0.0014 [changed]
[456/1175] Marching Band Camp... positive, 0 search(es) [SILENT: no search invoked], $0.0009 [changed]
[457/1175] Marine Lab Pre-College... insufficient_data, 0 search(es) [SILENT: no search invoked], $0.0007 [changed]
[458/1175] Marine Science Research... insufficient_data, 0 search(es) [SILENT: no search invoked], $0.0007 [changed]
[459/1175] Mark Cuban Foundation AI Bootcamp... insufficient_data, 0 search(es) [SILENT: no search invoked], $0.0009 [changed]
[460/1175] Marketing & Personal Branding Academy... mixed, 0 search(es) [SILENT: no search invoked], $0.0012 [changed]
[461/1175] Math Academy... insufficient_data, 0 search(es) [SILENT: no search invoked], $0.0011 [changed]
[462/1175] Math and Science Scholars... positive, 0 search(es) [SILENT: no search invoked], $0.0011 [changed]
[463/1175] Math Camp... positive, 0 search(es) [SILENT: no search invoked], $0.0011 [changed]
[464/1175] Math Contest... positive, 0 search(es) [SILENT: no search invoked], $0.0011 [changed]
[465/1175] Math Meet... positive, 0 search(es) [SILENT: no search invoked], $0.0012 [changed]
[466/1175] Math Minutes Video Contest... insufficient_data, 0 search(es) [SILENT: no search invoked], $0.0007 [changed]
[467/1175] Math Modeling Challenge... positive, 0 search(es) [SILENT: no search invoked], $0.0012 [changed]
[468/1175] Math Program... insufficient_data, 0 search(es) [SILENT: no search invoked], $0.0009 [changed]
[469/1175] Math Tournament... positive, 0 search(es) [SILENT: no search invoked], $0.0008 [changed]
[470/1175] Mathematics Camp... positive, 0 search(es) [SILENT: no search invoked], $0.0014 [changed]
[471/1175] Mathematics Competition... positive, 0 search(es) [SILENT: no search invoked], $0.0011 [changed]
[472/1175] Mathematics Program... positive, 0 search(es) [SILENT: no search invoked], $0.0014 [changed]
[473/1175] Mathematics Program... positive, 0 search(es) [SILENT: no search invoked], $0.0011 [changed]
[474/1175] Mathematics Project... insufficient_data, 0 search(es) [SILENT: no search invoked], $0.0007 [changed]
[475/1175] Mayo Clinic... positive, 0 search(es) [SILENT: no search invoked], $0.0012 [changed]
[476/1175] Mayo Clinic... insufficient_data, 0 search(es) [SILENT: no search invoked], $0.0007 [changed]
[477/1175] McIntire Business Program... insufficient_data, 0 search(es) [SILENT: no search invoked], $0.0007 [changed]
[478/1175] Med-Start Health Program... positive, 0 search(es) [SILENT: no search invoked], $0.0016 [changed]
[479/1175] MedAcademy... mixed, 0 search(es) [SILENT: no search invoked], $0.0011 [changed]
[480/1175] Media & Sports Academy... insufficient_data, 0 search(es) [SILENT: no search invoked], $0.0007 [changed]
[481/1175] Medical and Health Programs... insufficient_data, 0 search(es) [SILENT: no search invoked], $0.0007 [changed]
[482/1175] Medical Program... positive, 0 search(es) [SILENT: no search invoked], $0.0012 [changed]
[483/1175] Medical Student Research Internship Program... insufficient_data, 0 search(es) [SILENT: no search invoked], $0.0009 [changed]
[484/1175] Medical Youth Science Program... positive, 0 search(es) [SILENT: no search invoked], $0.0011 [changed]
[485/1175] Medicine Art and Anatomy... insufficient_data, 0 search(es) [SILENT: no search invoked], $0.0006 [changed]
[486/1175] Medicine Program... positive, 0 search(es) [SILENT: no search invoked], $0.0012 [changed]
[487/1175] Medicine Summer Research Program... positive, 0 search(es) [SILENT: no search invoked], $0.0014 [changed]
[488/1175] MEEP... positive, 0 search(es) [SILENT: no search invoked], $0.0011 [changed]
[489/1175] Mentor Assistance Program for High School Students... insufficient_data, 0 search(es) [SILENT: no search invoked], $0.0007 [changed]
[490/1175] Mercer University... insufficient_data, 0 search(es) [SILENT: no search invoked], $0.0006 [changed]
[491/1175] MERITS Program... insufficient_data, 0 search(es) [SILENT: no search invoked], $0.0007 [changed]
[492/1175] Miami SAO... insufficient_data, 0 search(es) [SILENT: no search invoked], $0.0007 [changed]
[493/1175] Miami SAO... insufficient_data, 0 search(es) [SILENT: no search invoked], $0.0007 [changed]
[494/1175] Michigan State University... positive, 0 search(es) [SILENT: no search invoked], $0.0011 [changed]
[495/1175] Microbiology Camp... insufficient_data, 0 search(es) [SILENT: no search invoked], $0.0006 [changed]
[496/1175] Missouri University of Science and Technology... insufficient_data, 0 search(es) [SILENT: no search invoked], $0.0007 [changed]
[497/1175] MIT Museum... insufficient_data, 0 search(es) [SILENT: no search invoked], $0.0007 [changed]
[498/1175] MITE Summer Camp... positive, 0 search(es) [SILENT: no search invoked], $0.0011 [changed]
[499/1175] MITES Program... positive, 0 search(es) [SILENT: no search invoked], $0.0013 [changed]
[500/1175] MOP Mathematical Olympiad Summer Program... positive, 0 search(es) [SILENT: no search invoked], $0.0012 [changed]
[501/1175] Morse Summer Music Academy... positive, 0 search(es) [SILENT: no search invoked], $0.0011 [changed]
[502/1175] MSU... positive, 0 search(es) [SILENT: no search invoked], $0.0012 [changed]
[503/1175] Music Pre-College... positive, 0 search(es) [SILENT: no search invoked], $0.0011 [changed]
[504/1175] Music Technology & Production Camp... insufficient_data, 0 search(es) [SILENT: no search invoked], $0.0007 [changed]
[505/1175] NASEP... insufficient_data, 0 search(es) [SILENT: no search invoked], $0.0007 [changed]
[506/1175] Nash U... insufficient_data, 0 search(es) [SILENT: no search invoked], $0.0006 [changed]
[507/1175] National Academic Championship... mixed, 0 search(es) [SILENT: no search invoked], $0.0012 [changed]
[508/1175] National Arts Competition... positive, 0 search(es) [SILENT: no search invoked], $0.0011 [changed]
[509/1175] National Chemistry Olympiad... positive, 0 search(es) [SILENT: no search invoked], $0.0012 [changed]
[510/1175] National Economics Challenge... positive, 0 search(es) [SILENT: no search invoked], $0.0012 [changed]
[511/1175] National Economics Challenge... positive, 0 search(es) [SILENT: no search invoked], $0.0011 [changed]
[512/1175] National French Contest... positive, 0 search(es) [SILENT: no search invoked], $0.0012 [changed]
[513/1175] National High School Game Academy... positive, 0 search(es) [SILENT: no search invoked], $0.0012 [changed]
[514/1175] National High School Institute... positive, 0 search(es) [SILENT: no search invoked], $0.0014 [changed]
[515/1175] National Mock Trial Championship... positive, 0 search(es) [SILENT: no search invoked], $0.0009 [changed]
[516/1175] National Science Bowl... positive, 0 search(es) [SILENT: no search invoked], $0.0011 [changed]
[517/1175] National Security & Intelligence Academy... insufficient_data, 0 search(es) [SILENT: no search invoked], $0.0006 [changed]
[518/1175] National Security Language Initiative... positive, 0 search(es) [SILENT: no search invoked], $0.0014 [changed]
[519/1175] National Summer Transportation Institute... insufficient_data, 0 search(es) [SILENT: no search invoked], $0.0007 [changed]
[520/1175] National Youth Science Camp... positive, 0 search(es) [SILENT: no search invoked], $0.0011 [changed]
[521/1175] Native Education Forum... insufficient_data, 0 search(es) [SILENT: no search invoked], $0.0006 [changed]
[522/1175] NC State... positive, 0 search(es) [SILENT: no search invoked], $0.0010 [changed]
[523/1175] NC State University... positive, 0 search(es) [SILENT: no search invoked], $0.0012 [changed]
[524/1175] NC State University... mixed, 0 search(es) [SILENT: no search invoked], $0.0014 [changed]
[525/1175] NC Youth Institute... insufficient_data, 0 search(es) [SILENT: no search invoked], $0.0007 [changed]
[526/1175] Network For Teaching Entrepreneurship... insufficient_data, 0 search(es) [SILENT: no search invoked], $0.0006 [changed]
[527/1175] Neubauer Family Summer Scholars... positive, 0 search(es) [SILENT: no search invoked], $0.0012 [changed]
[528/1175] Neubauer Phoenix Scholars... positive, 0 search(es) [SILENT: no search invoked], $0.0012 [changed]
[529/1175] Neuroscape Research Internship... positive, 0 search(es) [SILENT: no search invoked], $0.0009 [changed]
[530/1175] Neuroscience Immersion... mixed, 0 search(es) [SILENT: no search invoked], $0.0013 [changed]
[531/1175] Neuroscience Internship... insufficient_data, 0 search(es) [SILENT: no search invoked], $0.0009 [changed]
[532/1175] Neuroscience Journal Club... positive, 0 search(es) [SILENT: no search invoked], $0.0010 [changed]
[533/1175] Neuroscience Program... insufficient_data, 0 search(es) [SILENT: no search invoked], $0.0007 [changed]
[534/1175] Neuroscience Research Competition... positive, 0 search(es) [SILENT: no search invoked], $0.0013 [changed]
[535/1175] NeuroScience Summer Program... positive, 0 search(es) [SILENT: no search invoked], $0.0011 [changed]
[536/1175] New Jersey Governor’s School in the Sciences... positive, 0 search(es) [SILENT: no search invoked], $0.0015 [changed]
[537/1175] New Jersey Program in Engineering & Technology... positive, 0 search(es) [SILENT: no search invoked], $0.0011 [changed]
[538/1175] New York Bioforce... insufficient_data, 0 search(es) [SILENT: no search invoked], $0.0012 [changed]
[539/1175] NextGen High School Internship... positive, 0 search(es) [SILENT: no search invoked], $0.0011 [changed]
[540/1175] NJIT... positive, 0 search(es) [SILENT: no search invoked], $0.0011 [changed]
[541/1175] NM GCM Grosvenor Program... insufficient_data, 0 search(es) [SILENT: no search invoked], $0.0007 [changed]
[542/1175] NMU... insufficient_data, 0 search(es) [SILENT: no search invoked], $0.0007 [changed]
[543/1175] North Carolina State University (NCSU)... positive, 0 search(es) [SILENT: no search invoked], $0.0012 [changed]
[544/1175] Northeastern University... insufficient_data, 0 search(es) [SILENT: no search invoked], $0.0007 [changed]
[545/1175] NSTI Summer Camp... insufficient_data, 0 search(es) [SILENT: no search invoked], $0.0007 [changed]
[546/1175] NURPH... insufficient_data, 0 search(es) [SILENT: no search invoked], $0.0006 [changed]
[547/1175] Nurse Camp... insufficient_data, 0 search(es) [SILENT: no search invoked], $0.0007 [changed]
[548/1175] Nursing Academy... positive, 0 search(es) [SILENT: no search invoked], $0.0012 [changed]
[549/1175] NYC Commuter Summer... mixed, 0 search(es) [SILENT: no search invoked], $0.0013 [changed]
[550/1175] NYC Residential Summer... mixed, 0 search(es) [SILENT: no search invoked], $0.0015 [changed]
[551/1175] NYLF Medicine & Health Care... mixed, 0 search(es) [SILENT: no search invoked], $0.0013 [changed]
[552/1175] Oakland University... insufficient_data, 0 search(es) [SILENT: no search invoked], $0.0007 [changed]
[553/1175] Oakland University... insufficient_data, 0 search(es) [SILENT: no search invoked], $0.0007 [changed]
[554/1175] Oakland University... insufficient_data, 0 search(es) [SILENT: no search invoked], $0.0006 [changed]
[555/1175] Ocean Awareness Contest... positive, 0 search(es) [SILENT: no search invoked], $0.0013 [changed]
[556/1175] ODU... insufficient_data, 0 search(es) [SILENT: no search invoked], $0.0007 [changed]
[557/1175] Odyssey of the Mind... positive, 0 search(es) [SILENT: no search invoked], $0.0011 [changed]
[558/1175] OGStem Program... positive, 0 search(es) [SILENT: no search invoked], $0.0011 [changed]
[559/1175] Ohio University... insufficient_data, 0 search(es) [SILENT: no search invoked], $0.0007 [changed]
[560/1175] OKStars Summer Research Program... insufficient_data, 0 search(es) [SILENT: no search invoked], $0.0007 [changed]
[561/1175] Online Leadership Intensive... positive, 0 search(es) [SILENT: no search invoked], $0.0012 [changed]
[562/1175] Online Pre-College Programs... mixed, 0 search(es) [SILENT: no search invoked], $0.0015 [changed]
[563/1175] Online Research Program... insufficient_data, 0 search(es) [SILENT: no search invoked], $0.0007 [changed]
[564/1175] Online Summer... mixed, 0 search(es) [SILENT: no search invoked], $0.0012 [changed]
[565/1175] OPTIMUS Research Internship... insufficient_data, 0 search(es) [SILENT: no search invoked], $0.0007 [changed]
[566/1175] OSU... insufficient_data, 0 search(es) [SILENT: no search invoked], $0.0007 [changed]
[567/1175] OSU... insufficient_data, 0 search(es) [SILENT: no search invoked], $0.0006 [changed]
[568/1175] OSU... insufficient_data, 0 search(es) [SILENT: no search invoked], $0.0007 [changed]
[569/1175] OSU... insufficient_data, 0 search(es) [SILENT: no search invoked], $0.0007 [changed]
[570/1175] OSU... insufficient_data, 0 search(es) [SILENT: no search invoked], $0.0007 [changed]
[571/1175] OU Health... insufficient_data, 0 search(es) [SILENT: no search invoked], $0.0007 [changed]
[572/1175] OUHSC... insufficient_data, 0 search(es) [SILENT: no search invoked], $0.0007 [changed]
[573/1175] Outreach Ambassador Program... insufficient_data, 0 search(es) [SILENT: no search invoked], $0.0007 [changed]
[574/1175] Parrhesia Ambassador Program... insufficient_data, 0 search(es) [SILENT: no search invoked], $0.0007 [changed]
[575/1175] PATHS-UP Young Scholar... insufficient_data, 0 search(es) [SILENT: no search invoked], $0.0008 [changed]
[576/1175] Pathways Research Internship... insufficient_data, 0 search(es) [SILENT: no search invoked], $0.0006 [changed]
[577/1175] Patricia Grodd Poetry Prize... positive, 0 search(es) [SILENT: no search invoked], $0.0014 [changed]
[578/1175] Pediatrics Internship Program... positive, 0 search(es) [SILENT: no search invoked], $0.0011 [changed]
[579/1175] Penn State Behrend... insufficient_data, 0 search(es) [SILENT: no search invoked], $0.0007 [changed]
[580/1175] PennRSSA... insufficient_data, 0 search(es) [SILENT: no search invoked], $0.0006 [changed]
[581/1175] Perusing through the Americas... insufficient_data, 0 search(es) [SILENT: no search invoked], $0.0007 [changed]
[582/1175] PGSS... positive, 0 search(es) [SILENT: no search invoked], $0.0013 [changed]
[583/1175] Physical Therapy Summer Academy... insufficient_data, 0 search(es) [SILENT: no search invoked], $0.0007 [changed]
[584/1175] Physics Program... insufficient_data, 0 search(es) [SILENT: no search invoked], $0.0006 [changed]
[585/1175] Pirates Pitch Competition... insufficient_data, 0 search(es) [SILENT: no search invoked], $0.0009 [changed]
[586/1175] Plant Signal Transduction and Reproduction... insufficient_data, 0 search(es) [SILENT: no search invoked], $0.0007 [changed]
[587/1175] Plant The Moon Challenge... positive, 0 search(es) [SILENT: no search invoked], $0.0010 [changed]
[588/1175] PME University of Chicago... insufficient_data, 0 search(es) [SILENT: no search invoked], $0.0008 [changed]
[589/1175] POETS... insufficient_data, 0 search(es) [SILENT: no search invoked], $0.0007 [changed]
[590/1175] Pollinator Health and Ecology... positive, 0 search(es) [SILENT: no search invoked], $0.0012 [changed]
[591/1175] Pomona College... insufficient_data, 0 search(es) [SILENT: no search invoked], $0.0008 [changed]
[592/1175] Poultry Summer Science Institute... insufficient_data, 0 search(es) [SILENT: no search invoked], $0.0007 [changed]
[593/1175] Pre-Baccalaureate... mixed, 0 search(es) [SILENT: no search invoked], $0.0014 [changed]
[594/1175] Pre-Baccalaureate Program... mixed, 0 search(es) [SILENT: no search invoked], $0.0013 [changed]
[595/1175] Pre-College... mixed, 0 search(es) [SILENT: no search invoked], $0.0011 [changed]
[596/1175] Pre-College... mixed, 0 search(es) [SILENT: no search invoked], $0.0013 [changed]
[597/1175] Pre-College... positive, 0 search(es) [SILENT: no search invoked], $0.0012 [changed]
[598/1175] Pre-College... positive, 0 search(es) [SILENT: no search invoked], $0.0011 [changed]
[599/1175] Pre-College... positive, 0 search(es) [SILENT: no search invoked], $0.0013 [changed]
[600/1175] Pre-College... mixed, 0 search(es) [SILENT: no search invoked], $0.0013 [changed]
[601/1175] Pre-College... insufficient_data, 0 search(es) [SILENT: no search invoked], $0.0007 [changed]
[602/1175] Pre-College... positive, 0 search(es) [SILENT: no search invoked], $0.0013 [changed]
[603/1175] Pre-College... positive, 0 search(es) [SILENT: no search invoked], $0.0012 [changed]
[604/1175] Pre-College... insufficient_data, 0 search(es) [SILENT: no search invoked], $0.0007 [changed]
[605/1175] Pre-College... mixed, 0 search(es) [SILENT: no search invoked], $0.0011 [changed]
[606/1175] Pre-College... positive, 0 search(es) [SILENT: no search invoked], $0.0011 [changed]
[607/1175] Pre-College... mixed, 0 search(es) [SILENT: no search invoked], $0.0015 [changed]
[608/1175] Pre-College... positive, 0 search(es) [SILENT: no search invoked], $0.0013 [changed]
[609/1175] Pre-College... mixed, 0 search(es) [SILENT: no search invoked], $0.0013 [changed]
[610/1175] Pre-College... mixed, 0 search(es) [SILENT: no search invoked], $0.0011 [changed]
[611/1175] Pre-College... mixed, 0 search(es) [SILENT: no search invoked], $0.0011 [changed]
[612/1175] Pre-College... insufficient_data, 0 search(es) [SILENT: no search invoked], $0.0007 [changed]
[613/1175] Pre-College... insufficient_data, 0 search(es) [SILENT: no search invoked], $0.0007 [changed]
[614/1175] Pre-College... mixed, 0 search(es) [SILENT: no search invoked], $0.0014 [changed]
[615/1175] Pre-College... insufficient_data, 0 search(es) [SILENT: no search invoked], $0.0007 [changed]
[616/1175] Pre-College Connect... mixed, 0 search(es) [SILENT: no search invoked], $0.0015 [changed]
[617/1175] Pre-College Enrichment Program... positive, 0 search(es) [SILENT: no search invoked], $0.0010 [changed]
[618/1175] Pre-College Flute... insufficient_data, 0 search(es) [SILENT: no search invoked], $0.0007 [changed]
[619/1175] Pre-College Programs... mixed, 2 search(es), $0.0295 [changed]
[620/1175] Pre-College Residential Programs at UMass Amherst... mixed, 0 search(es) [SILENT: no search invoked], $0.0014 [changed]
[621/1175] Pre-College Scholars Program... insufficient_data, 0 search(es) [SILENT: no search invoked], $0.0007 [changed]
[622/1175] Pre-College Studies... mixed, 0 search(es) [SILENT: no search invoked], $0.0014 [changed]
[623/1175] Pre-College Summer Academies... mixed, 0 search(es) [SILENT: no search invoked], $0.0012 [changed]
[624/1175] Pre-Collegiate... mixed, 0 search(es) [SILENT: no search invoked], $0.0015 [changed]
[625/1175] Pre-Collegiate Summer Scholars Program... positive, 0 search(es) [SILENT: no search invoked], $0.0011 [changed]
[626/1175] Pre-Law and Mock Trial Summer Academy... insufficient_data, 0 search(es) [SILENT: no search invoked], $0.0007 [changed]
[627/1175] Precollege Academic Campus Experience (PACE)... positive, 1 search(es), $0.0152 [changed]
[628/1175] Precollege Summer Institutes... positive, 0 search(es) [SILENT: no search invoked], $0.0012 [changed]
[629/1175] PRIMES... positive, 0 search(es) [SILENT: no search invoked], $0.0013 [changed]
[630/1175] Princeton University... insufficient_data, 0 search(es) [SILENT: no search invoked], $0.0007 [changed]
[631/1175] Principles of Engineering... insufficient_data, 0 search(es) [SILENT: no search invoked], $0.0007 [changed]
[632/1175] PRISM High School Program... insufficient_data, 0 search(es) [SILENT: no search invoked], $0.0007 [changed]
[633/1175] Program for Automation Robotics and Coding... insufficient_data, 0 search(es) [SILENT: no search invoked], $0.0007 [changed]
[634/1175] Program in Music Technology... insufficient_data, 0 search(es) [SILENT: no search invoked], $0.0007 [changed]
[635/1175] Project Ignite... insufficient_data, 0 search(es) [SILENT: no search invoked], $0.0007 [changed]
[636/1175] Project Success... insufficient_data, 0 search(es) [SILENT: no search invoked], $0.0007 [changed]
[637/1175] PSU... insufficient_data, 0 search(es) [SILENT: no search invoked], $0.0007 [changed]
[638/1175] Psychology and Its Impact on Everyday Life... mixed, 0 search(es) [SILENT: no search invoked], $0.0011 [changed]
[639/1175] PULSE... insufficient_data, 0 search(es) [SILENT: no search invoked], $0.0009 [changed]
[640/1175] PUMaC Math Competition... positive, 0 search(es) [SILENT: no search invoked], $0.0012 [changed]
[641/1175] Quantitative Skills Program... positive, 0 search(es) [SILENT: no search invoked], $0.0015 [changed]
[642/1175] Quantum Information Program... insufficient_data, 0 search(es) [SILENT: no search invoked], $0.0007 [changed]
[643/1175] Quantum Quickstart... mixed, 0 search(es) [SILENT: no search invoked], $0.0011 [changed]
[644/1175] Quantum School... positive, 0 search(es) [SILENT: no search invoked], $0.0011 [changed]
[645/1175] R Programming & Machine Learning Camp... positive, 0 search(es) [SILENT: no search invoked], $0.0013 [changed]
[646/1175] Raikes School Summer Camp... insufficient_data, 0 search(es) [SILENT: no search invoked], $0.0007 [changed]
[647/1175] RBS-PREP Pre-College Enrichment... insufficient_data, 0 search(es) [SILENT: no search invoked], $0.0007 [changed]
[648/1175] Reconstructive Surgery Internship... positive, 0 search(es) [SILENT: no search invoked], $0.0011 [changed]
[649/1175] Red Hat Shelton Challenge... insufficient_data, 0 search(es) [SILENT: no search invoked], $0.0007 [changed]
[650/1175] Reflections Competition... positive, 0 search(es) [SILENT: no search invoked], $0.0011 [changed]
[651/1175] Reischhauer Program... positive, 0 search(es) [SILENT: no search invoked], $0.0012 [changed]
[652/1175] Research & Stats Camp... insufficient_data, 0 search(es) [SILENT: no search invoked], $0.0008 [changed]
[653/1175] Research Apprentice Program... insufficient_data, 0 search(es) [SILENT: no search invoked], $0.0007 [changed]
[654/1175] Research Experience... positive, 0 search(es) [SILENT: no search invoked], $0.0010 [changed]
[655/1175] Research Experience for High School Students... insufficient_data, 0 search(es) [SILENT: no search invoked], $0.0007 [changed]
[656/1175] Research Experience Program... positive, 0 search(es) [SILENT: no search invoked], $0.0013 [changed]
[657/1175] Research Experiences... positive, 0 search(es) [SILENT: no search invoked], $0.0011 [changed]
[658/1175] Research Immersion... insufficient_data, 0 search(es) [SILENT: no search invoked], $0.0007 [changed]
[659/1175] Research in Engineering Program... insufficient_data, 0 search(es) [SILENT: no search invoked], $0.0008 [changed]
[660/1175] Research in Science & Engineering Program... positive, 0 search(es) [SILENT: no search invoked], $0.0012 [changed]
[661/1175] Research Institute Internship... insufficient_data, 0 search(es) [SILENT: no search invoked], $0.0007 [changed]
[662/1175] Research Intensive in Food Science.... insufficient_data, 0 search(es) [SILENT: no search invoked], $0.0012 [changed]
[663/1175] Research Intern... insufficient_data, 0 search(es) [SILENT: no search invoked], $0.0007 [changed]
[664/1175] Research Mentorship Program... positive, 0 search(es) [SILENT: no search invoked], $0.0013 [changed]
[665/1175] Research Scholars Program... positive, 0 search(es) [SILENT: no search invoked], $0.0011 [changed]
[666/1175] Residency Program... positive, 0 search(es) [SILENT: no search invoked], $0.0010 [changed]
[667/1175] RIBS - Research in Biological Sciences... positive, 1 search(es), $0.0152 [changed]
[668/1175] Rice University... insufficient_data, 0 search(es) [SILENT: no search invoked], $0.0006 [changed]
[669/1175] RITMS Research Program... insufficient_data, 0 search(es) [SILENT: no search invoked], $0.0009 [changed]
[670/1175] Robinson Center... positive, 0 search(es) [SILENT: no search invoked], $0.0011 [changed]
[671/1175] Robotics Camp... insufficient_data, 0 search(es) [SILENT: no search invoked], $0.0007 [changed]
[672/1175] Robotics Competition... positive, 0 search(es) [SILENT: no search invoked], $0.0014 [changed]
[673/1175] Robotics Competition... positive, 0 search(es) [SILENT: no search invoked], $0.0013 [changed]
[674/1175] RPI... insufficient_data, 0 search(es) [SILENT: no search invoked], $0.0009 [changed]
[675/1175] RPI... insufficient_data, 0 search(es) [SILENT: no search invoked], $0.0007 [changed]
[676/1175] RSI Program... positive, 0 search(es) [SILENT: no search invoked], $0.0011 [changed]
[677/1175] Rural Medicine Summer Academy... insufficient_data, 0 search(es) [SILENT: no search invoked], $0.0007 [changed]
[678/1175] Rutgers University... insufficient_data, 0 search(es) [SILENT: no search invoked], $0.0007 [changed]
[679/1175] SAIS Summer Programs... insufficient_data, 0 search(es) [SILENT: no search invoked], $0.0006 [changed]
[680/1175] Sam Houston State University... insufficient_data, 0 search(es) [SILENT: no search invoked], $0.0006 [changed]
[681/1175] Scholars Program... positive, 0 search(es) [SILENT: no search invoked], $0.0013 [changed]
[682/1175] Scholars Program... insufficient_data, 0 search(es) [SILENT: no search invoked], $0.0007 [changed]
[683/1175] Scholars Program... insufficient_data, 0 search(es) [SILENT: no search invoked], $0.0007 [changed]
[684/1175] Scholastic Art & Writing Awards... positive, 0 search(es) [SILENT: no search invoked], $0.0013 [changed]
[685/1175] Scholastic Press Association... positive, 0 search(es) [SILENT: no search invoked], $0.0011 [changed]
[686/1175] Scholastic Press Association Contests... positive, 0 search(es) [SILENT: no search invoked], $0.0010 [changed]
[687/1175] Sci-High Program... insufficient_data, 0 search(es) [SILENT: no search invoked], $0.0010 [changed]
[688/1175] Science Academy... insufficient_data, 0 search(es) [SILENT: no search invoked], $0.0011 [changed]
[689/1175] Science Accelerating Girls’ Engagement... positive, 0 search(es) [SILENT: no search invoked], $0.0011 [changed]
[690/1175] Science Explorations Program... positive, 1 search(es), $0.0151 [changed]
[691/1175] Science Internship... mixed, 0 search(es) [SILENT: no search invoked], $0.0015 [changed]
[692/1175] Science of Smart Cities... mixed, 0 search(es) [SILENT: no search invoked], $0.0014 [changed]
[693/1175] Science of Smart Cities... insufficient_data, 0 search(es) [SILENT: no search invoked], $0.0012 [changed]
[694/1175] Science Program... positive, 0 search(es) [SILENT: no search invoked], $0.0012 [changed]
[695/1175] Science Training Program... positive, 0 search(es) [SILENT: no search invoked], $0.0012 [changed]
[696/1175] Scientific Training and Enrichment Program... positive, 0 search(es) [SILENT: no search invoked], $0.0011 [changed]
[697/1175] Screenwriters Workshop... insufficient_data, 0 search(es) [SILENT: no search invoked], $0.0007 [changed]
[698/1175] Scripps College of Communication... insufficient_data, 0 search(es) [SILENT: no search invoked], $0.0006 [changed]
[699/1175] SCUBA Summer Coding... insufficient_data, 0 search(es) [SILENT: no search invoked], $0.0007 [changed]
[700/1175] SCUDEM - SIMIODE Challenge... positive, 2 search(es), $0.0293 [changed]
[701/1175] SDSU... insufficient_data, 0 search(es) [SILENT: no search invoked], $0.0007 [changed]
[702/1175] SEAD... insufficient_data, 0 search(es) [SILENT: no search invoked], $0.0007 [changed]
[703/1175] Secondary School... mixed, 0 search(es) [SILENT: no search invoked], $0.0015 [changed]
[704/1175] SEEing Art... insufficient_data, 0 search(es) [SILENT: no search invoked], $0.0006 [changed]
[705/1175] SEES STEM Enhancement in Earth Sciences... positive, 0 search(es) [SILENT: no search invoked], $0.0014 [changed]
[706/1175] Sejong Korea Scholars Program... positive, 0 search(es) [SILENT: no search invoked], $0.0012 [changed]
[707/1175] Self-Paced Program... positive, 0 search(es) [SILENT: no search invoked], $0.0014 [changed]
[708/1175] Senate Page Program... positive, 2 search(es), $0.0294 [changed]
[709/1175] SEP Intern Program... insufficient_data, 0 search(es) [SILENT: no search invoked], $0.0007 [changed]
[710/1175] Sequencing Your Genome Camp... mixed, 0 search(es) [SILENT: no search invoked], $0.0011 [changed]
[711/1175] Shadow Program... positive, 0 search(es) [SILENT: no search invoked], $0.0012 [changed]
[712/1175] SHINE Poster Session... positive, 0 search(es) [SILENT: no search invoked], $0.0013 [changed]
[713/1175] Sibling Circles... insufficient_data, 0 search(es) [SILENT: no search invoked], $0.0007 [changed]
[714/1175] Siblinghood Academy... insufficient_data, 0 search(es) [SILENT: no search invoked], $0.0007 [changed]
[715/1175] Simmons Research... positive, 0 search(es) [SILENT: no search invoked], $0.0010 [changed]
[716/1175] SLE Summer Program... positive, 0 search(es) [SILENT: no search invoked], $0.0013 [changed]
[717/1175] Smash Academy... positive, 0 search(es) [SILENT: no search invoked], $0.0009 [changed]
[718/1175] SMU... positive, 0 search(es) [SILENT: no search invoked], $0.0011 [changed]
[719/1175] Solve For Tomorrow... positive, 0 search(es) [SILENT: no search invoked], $0.0011 [changed]
[720/1175] Sounds of New York City... insufficient_data, 0 search(es) [SILENT: no search invoked], $0.0007 [changed]
[721/1175] Space Astronomy Program... positive, 0 search(es) [SILENT: no search invoked], $0.0013 [changed]
[722/1175] Space Physics Camp... insufficient_data, 0 search(es) [SILENT: no search invoked], $0.0007 [changed]
[723/1175] SPARX... insufficient_data, 0 search(es) [SILENT: no search invoked], $0.0007 [changed]
[724/1175] Speech & Debate... positive, 0 search(es) [SILENT: no search invoked], $0.0012 [changed]
[725/1175] Speech & Debate Camp... insufficient_data, 0 search(es) [SILENT: no search invoked], $0.0007 [changed]
[726/1175] Speech & Debate Tournament... positive, 0 search(es) [SILENT: no search invoked], $0.0011 [changed]
[727/1175] SpHERES... insufficient_data, 0 search(es) [SILENT: no search invoked], $0.0010 [changed]
[728/1175] Sports Business Academy... insufficient_data, 0 search(es) [SILENT: no search invoked], $0.0007 [changed]
[729/1175] Sports Industry Management Academy... positive, 0 search(es) [SILENT: no search invoked], $0.0011 [changed]
[730/1175] Sports Journalism Summer Camp... insufficient_data, 0 search(es) [SILENT: no search invoked], $0.0007 [changed]
[731/1175] SPS High School Academy... mixed, 0 search(es) [SILENT: no search invoked], $0.0011 [changed]
[732/1175] SPUN Debate Program... insufficient_data, 0 search(es) [SILENT: no search invoked], $0.0007 [changed]
[733/1175] SRMP... positive, 0 search(es) [SILENT: no search invoked], $0.0012 [changed]
[734/1175] SSRP... positive, 0 search(es) [SILENT: no search invoked], $0.0009 [changed]
[735/1175] SSU Innovation... insufficient_data, 0 search(es) [SILENT: no search invoked], $0.0007 [changed]
[736/1175] Stanford Anesthesia Summer Institute... mixed, 0 search(es) [SILENT: no search invoked], $0.0016 [changed]
[737/1175] Stanford E-China Program... positive, 0 search(es) [SILENT: no search invoked], $0.0011 [changed]
[738/1175] Stanford E-Japan Program... positive, 0 search(es) [SILENT: no search invoked], $0.0011 [changed]
[739/1175] Start Your Journey in Medicine Here... mixed, 0 search(es) [SILENT: no search invoked], $0.0016 [changed]
[740/1175] STEM @GTRI... positive, 0 search(es) [SILENT: no search invoked], $0.0011 [changed]
[741/1175] STEM + M Connect... positive, 0 search(es) [SILENT: no search invoked], $0.0010 [changed]
[742/1175] Stem Academy... insufficient_data, 0 search(es) [SILENT: no search invoked], $0.0006 [changed]
[743/1175] STEM Academy... insufficient_data, 0 search(es) [SILENT: no search invoked], $0.0007 [changed]
[744/1175] STEM Academy... insufficient_data, 0 search(es) [SILENT: no search invoked], $0.0007 [changed]
[745/1175] STEM Camp... positive, 0 search(es) [SILENT: no search invoked], $0.0011 [changed]
[746/1175] Stem-Rising... mixed, 0 search(es) [SILENT: no search invoked], $0.0011 [changed]
[747/1175] Stevens Institute of Technology... insufficient_data, 0 search(es) [SILENT: no search invoked], $0.0006 [changed]
[748/1175] Strategize Like a Marketer... mixed, 0 search(es) [SILENT: no search invoked], $0.0018 [changed]
[749/1175] STRIDE Bioengineering... insufficient_data, 0 search(es) [SILENT: no search invoked], $0.0006 [changed]
[750/1175] Student Documentary Competition... positive, 0 search(es) [SILENT: no search invoked], $0.0012 [changed]
[751/1175] Student Interactions with Science, Technology, Engineering a... insufficient_data, 0 search(es) [SILENT: no search invoked], $0.0007 [changed]
[752/1175] Student Intern Program... positive, 0 search(es) [SILENT: no search invoked], $0.0012 [changed]
[753/1175] Student Introduction To Engineering (SITE)... insufficient_data, 0 search(es) [SILENT: no search invoked], $0.0006 [changed]
[754/1175] Student Leaders... positive, 0 search(es) [SILENT: no search invoked], $0.0016 [changed]
[755/1175] Student Research Internships... insufficient_data, 0 search(es) [SILENT: no search invoked], $0.0011 [changed]
[756/1175] Study How the U.S. Political System Works... mixed, 0 search(es) [SILENT: no search invoked], $0.0014 [changed]
[757/1175] Summer Academic Program... positive, 0 search(es) [SILENT: no search invoked], $0.0014 [changed]
[758/1175] Summer Academic Research Experience... insufficient_data, 0 search(es) [SILENT: no search invoked], $0.0007 [changed]
[759/1175] Summer Academics... insufficient_data, 0 search(es) [SILENT: no search invoked], $0.0007 [changed]
[760/1175] Summer Academics... insufficient_data, 0 search(es) [SILENT: no search invoked], $0.0007 [changed]
[761/1175] Summer Academics... mixed, 0 search(es) [SILENT: no search invoked], $0.0011 [changed]
[762/1175] Summer Academy... positive, 0 search(es) [SILENT: no search invoked], $0.0011 [changed]
[763/1175] Summer Academy... mixed, 0 search(es) [SILENT: no search invoked], $0.0013 [changed]
[764/1175] Summer Academy... positive, 0 search(es) [SILENT: no search invoked], $0.0011 [changed]
[765/1175] Summer Academy... positive, 0 search(es) [SILENT: no search invoked], $0.0013 [changed]
[766/1175] Summer Academy... positive, 0 search(es) [SILENT: no search invoked], $0.0009 [changed]
[767/1175] Summer Academy for Math & Science... positive, 0 search(es) [SILENT: no search invoked], $0.0012 [changed]
[768/1175] Summer Academy for Math & Science... insufficient_data, 0 search(es) [SILENT: no search invoked], $0.0010 [changed]
[769/1175] Summer Actor Training... mixed, 0 search(es) [SILENT: no search invoked], $0.0011 [changed]
[770/1175] Summer Art Camps... insufficient_data, 0 search(es) [SILENT: no search invoked], $0.0007 [changed]
[771/1175] Summer Art Intensive... positive, 0 search(es) [SILENT: no search invoked], $0.0011 [changed]
[772/1175] Summer at Tisch... positive, 0 search(es) [SILENT: no search invoked], $0.0012 [changed]
[773/1175] Summer Bridge Program... positive, 0 search(es) [SILENT: no search invoked], $0.0011 [changed]
[774/1175] Summer Camp... positive, 0 search(es) [SILENT: no search invoked], $0.0013 [changed]
[775/1175] Summer Camp... mixed, 0 search(es) [SILENT: no search invoked], $0.0016 [changed]
[776/1175] Summer Camp... positive, 0 search(es) [SILENT: no search invoked], $0.0015 [changed]
[777/1175] Summer Camp... insufficient_data, 0 search(es) [SILENT: no search invoked], $0.0007 [changed]
[778/1175] Summer Camp... positive, 0 search(es) [SILENT: no search invoked], $0.0011 [changed]
[779/1175] Summer Camp LBL... positive, 0 search(es) [SILENT: no search invoked], $0.0013 [changed]
[780/1175] Summer Camp LLNL... positive, 0 search(es) [SILENT: no search invoked], $0.0009 [changed]
[781/1175] Summer Cancer Research... positive, 0 search(es) [SILENT: no search invoked], $0.0011 [changed]
[782/1175] Summer Challenge... mixed, 0 search(es) [SILENT: no search invoked], $0.0015 [changed]
[783/1175] Summer Child Health Internship... positive, 0 search(es) [SILENT: no search invoked], $0.0009 [changed]
[784/1175] Summer College... mixed, 0 search(es) [SILENT: no search invoked], $0.0015 [changed]
[785/1175] Summer College... mixed, 0 search(es) [SILENT: no search invoked], $0.0011 [changed]
[786/1175] Summer College Immersion Program... mixed, 0 search(es) [SILENT: no search invoked], $0.0011 [changed]
[787/1175] Summer College Opportunity Program... insufficient_data, 0 search(es) [SILENT: no search invoked], $0.0007 [changed]
[788/1175] Summer Concert Camp... insufficient_data, 0 search(es) [SILENT: no search invoked], $0.0007 [changed]
[789/1175] Summer Debate Program... insufficient_data, 0 search(es) [SILENT: no search invoked], $0.0007 [changed]
[790/1175] Summer Design Academy... insufficient_data, 0 search(es) [SILENT: no search invoked], $0.0007 [changed]
[791/1175] Summer Edge... [ERROR] HTTP 429
[792/1175] Summer Engineering... [ERROR] HTTP 429
[793/1175] Summer Engineering Experience... [ERROR] HTTP 429
[794/1175] Summer Engineering Experience... insufficient_data, 0 search(es) [SILENT: no search invoked], $0.0007 [changed]
[795/1175] Summer Engineering Seminar... positive, 0 search(es) [SILENT: no search invoked], $0.0014 [changed]
[796/1175] Summer Entrepreneurship Program... [ERROR] HTTP 429
[797/1175] Summer Experience... [ERROR] HTTP 429
[798/1175] Summer Healthcare Experience... [ERROR] HTTP 429
[799/1175] Summer Humanities... [ERROR] HTTP 429
[800/1175] Summer Humanities and Social Science Program... [ERROR] HTTP 429
[801/1175] Summer Immersion Program... [ERROR] HTTP 429
[802/1175] Summer Immersion Program... [ERROR] HTTP 429
[803/1175] Summer Institute... insufficient_data, 0 search(es) [SILENT: no search invoked], $0.0007 [changed]
[804/1175] Summer Institute... [ERROR] HTTP 429
[805/1175] Summer Intensives... [ERROR] HTTP 429
[806/1175] Summer Internship... [ERROR] HTTP 429
[807/1175] Summer Internship... [ERROR] HTTP 429
[808/1175] Summer Internship Program... [ERROR] HTTP 429
[809/1175] Summer Internship Program... [ERROR] HTTP 429
[810/1175] Summer Internship Program... [ERROR] HTTP 429
[811/1175] Summer Internship Program... insufficient_data, 0 search(es) [SILENT: no search invoked], $0.0009 [changed]
[812/1175] Summer Internship Program... [ERROR] HTTP 429
[813/1175] Summer Journalism... [ERROR] HTTP 429
[814/1175] Summer Journalism Academy... [ERROR] HTTP 429
[815/1175] Summer Journalism Program... [ERROR] HTTP 429
[816/1175] Summer Journalism Workshop... [ERROR] HTTP 429
[817/1175] Summer Language Institute... [ERROR] HTTP 429
[818/1175] Summer Language Institute... [ERROR] HTTP 429
[819/1175] Summer Learning Academy... [ERROR] HTTP 429
[820/1175] Summer Math Program for Young Scholars... [ERROR] HTTP 429
[821/1175] Summer Medical Career Program... [ERROR] HTTP 429
[822/1175] Summer Music Clinic... [ERROR] HTTP 429
[823/1175] Summer Online Program... [ERROR] HTTP 429
[824/1175] Summer Pre-College... [ERROR] HTTP 429
[825/1175] Summer Pre-College at the UMass Mount Ida Campus... [ERROR] HTTP 429
[826/1175] Summer Prep... [ERROR] HTTP 429
[827/1175] Summer Preview Program... [ERROR] HTTP 429
[828/1175] Summer Program... [ERROR] HTTP 429
[829/1175] Summer Program... [ERROR] HTTP 429
[830/1175] Summer Program... [ERROR] HTTP 429
[831/1175] Summer Program for Verbally and Mathematically Precocious Yo... [ERROR] HTTP 429
[832/1175] Summer Research... [ERROR] HTTP 429
[833/1175] Summer Research Experience... [ERROR] HTTP 429
[834/1175] Summer Research Immersion... [ERROR] HTTP 429
[835/1175] Summer Research Internship... [ERROR] HTTP 429
[836/1175] Summer Research Program... [ERROR] HTTP 429
[837/1175] Summer Research Program... [ERROR] HTTP 429
[838/1175] Summer Research Program (SRP)... [ERROR] HTTP 429
[839/1175] Summer Research Scholars Program... [ERROR] HTTP 429
[840/1175] Summer SAIL... [ERROR] HTTP 429
[841/1175] Summer Scholar Program... [ERROR] HTTP 429
[842/1175] Summer Scholars... [ERROR] HTTP 429
[843/1175] Summer Scholars... [ERROR] HTTP 429
[844/1175] Summer Scholars... [ERROR] HTTP 429
[845/1175] Summer Scholars Program... [ERROR] HTTP 429
[846/1175] Summer Scholars Program... [ERROR] HTTP 429
[847/1175] Summer Scholars Program... [ERROR] HTTP 429
[848/1175] Summer Scholars Research Program... [ERROR] HTTP 429
[849/1175] Summer School for Mathematics & Science... [ERROR] HTTP 429
[850/1175] Summer Science & Engineering Program... [ERROR] HTTP 429
[851/1175] Summer Science Academy... [ERROR] HTTP 429
[852/1175] Summer Science Intensive... [ERROR] HTTP 429
[853/1175] Summer Science Internship... [ERROR] HTTP 429
[854/1175] Summer Science Research Program... [ERROR] HTTP 429
[855/1175] Summer Seminar... [ERROR] HTTP 429
[856/1175] Summer Session... [ERROR] HTTP 429
[857/1175] Summer Session... [ERROR] HTTP 429
[858/1175] Summer Session... [ERROR] HTTP 429
[859/1175] Summer Session... [ERROR] HTTP 429
[860/1175] Summer Session... [ERROR] HTTP 429
[861/1175] Summer Session... [ERROR] HTTP 429
[862/1175] Summer Session... [ERROR] HTTP 429
[863/1175] Summer Session... [ERROR] HTTP 429
[864/1175] Summer Session... [ERROR] HTTP 429
[865/1175] Summer Session... [ERROR] HTTP 429
[866/1175] Summer Session... [ERROR] HTTP 429
[867/1175] Summer Session... [ERROR] HTTP 429
[868/1175] Summer Session... [ERROR] HTTP 429
[869/1175] Summer Session... [ERROR] HTTP 429
[870/1175] Summer Session... [ERROR] HTTP 503
[871/1175] Summer Session... [ERROR] HTTP 429
[872/1175] Summer Session... [ERROR] HTTP 429
[873/1175] Summer Session... [ERROR] HTTP 429
[874/1175] Summer Session... [ERROR] HTTP 429
[875/1175] Summer Sessions... [ERROR] HTTP 429
[876/1175] Summer Songwriters Workshop... [ERROR] HTTP 429
[877/1175] Summer Springboard... [ERROR] HTTP 429
[878/1175] Summer Stem... [ERROR] HTTP 429
[879/1175] Summer Stem... [ERROR] HTTP 429
[880/1175] Summer Stem Academy... [ERROR] HTTP 429
[881/1175] Summer STEM Camp... [ERROR] HTTP 429
[882/1175] Summer STEM Internships... [ERROR] HTTP 429
[883/1175] Summer STEM Program... [ERROR] HTTP 429
[884/1175] Summer Strings... [ERROR] HTTP 429
[885/1175] Summer Student Academy... [ERROR] HTTP 429
[886/1175] Summer Student Program... [ERROR] HTTP 429
[887/1175] Summer Study... [ERROR] HTTP 429
[888/1175] Summer Surgery Program... [ERROR] HTTP 429
[889/1175] Summer Theatre Institute... [ERROR] HTTP 429
[890/1175] Summer Veterinary Experience... [ERROR] HTTP 429
[891/1175] Summer Youth Program... [ERROR] HTTP 429
[892/1175] Summer@Brown... [ERROR] HTTP 429
[893/1175] Summit STEM Programs... [ERROR] HTTP 429
[894/1175] Sustainable Energy Engineering... [ERROR] HTTP 429
[895/1175] Sustainable Food and the City... [ERROR] HTTP 429
[896/1175] SVRA Research and Data Analysis Intern... [ERROR] HTTP 429
[897/1175] Swarthmore College... [ERROR] HTTP 429
[898/1175] Swarthmore College... [ERROR] HTTP 429
[899/1175] Swarthmore College... [ERROR] HTTP 429
[900/1175] Swarthmore College... [ERROR] HTTP 429
[901/1175] Synthetic Biology Competition... [ERROR] HTTP 429
[902/1175] TAMU... [ERROR] HTTP 429
[903/1175] TAMU... [ERROR] HTTP 429
[904/1175] Tanglewood Institute... [ERROR] HTTP 429
[905/1175] Tapia STEM Camps... [ERROR] HTTP 429
[906/1175] TASS Summer Seminar... [ERROR] HTTP 429
[907/1175] TCNJ... [ERROR] HTTP 429
[908/1175] Tech Camp... [ERROR] HTTP 429
[909/1175] TechCrafters... [ERROR] HTTP 429
[910/1175] Technician Education... [ERROR] HTTP 429
[911/1175] Ted R. Lilley CURE Program... [ERROR] HTTP 429
[912/1175] Teen Camp: Natural Dyes... [ERROR] HTTP 429
[913/1175] Teen Entrepreneurship Challenge... [ERROR] HTTP 429
[914/1175] Teen Internship Program... [ERROR] HTTP 429
[915/1175] Teen Med Camp... [ERROR] HTTP 429
[916/1175] Teen Wellness Connection... [ERROR] HTTP 429
[917/1175] Teen Wellness Summit... [ERROR] HTTP 429
[918/1175] Terp Young Scholars... [ERROR] HTTP 429
[919/1175] Terrapin Music Camp... [ERROR] HTTP 429
[920/1175] The Artemis Project... [ERROR] HTTP 429
[921/1175] The Cutting-Edge of Biological Discovery... [ERROR] HTTP 429
[922/1175] The James Madison Seminar... [ERROR] HTTP 429
[923/1175] The Knowledge Society... [ERROR] HTTP 429
[924/1175] The NextGen Leadership Institute... [ERROR] HTTP 429
[925/1175] The World Order — and Where It’s Heading... [ERROR] HTTP 429
[926/1175] THINK Scholars Program... [ERROR] HTTP 429
[927/1175] THINK Summer Institute... [ERROR] HTTP 429
[928/1175] Thinkabit Summer Camp... [ERROR] HTTP 429
[929/1175] Tisch Future Artists... [ERROR] HTTP 429
[930/1175] Toxicology Camp... [ERROR] HTTP 429
[931/1175] Trails AI... [ERROR] HTTP 429
[932/1175] Trapped Ions and Photonics Research... [ERROR] HTTP 429
[933/1175] Tri-Valley Clinical Academy... [ERROR] HTTP 429
[934/1175] Trig-Star Competition... [ERROR] HTTP 429
[935/1175] TRIO Pre-College... [ERROR] HTTP 429
[936/1175] TRIO Upward Bound... [ERROR] HTTP 429
[937/1175] TRIO Upward Bound Math & Science... [ERROR] HTTP 429
[938/1175] TTUHSC... [ERROR] HTTP 429
[939/1175] Tufts University... [ERROR] HTTP 429
[940/1175] Tufts University... [ERROR] HTTP 429
[941/1175] Tufts University... [ERROR] HTTP 429
[942/1175] Tufts University... [ERROR] HTTP 429
[943/1175] Tufts University... [ERROR] HTTP 429
[944/1175] Tufts University... [ERROR] HTTP 429
[945/1175] Tulane University... [ERROR] HTTP 429
[946/1175] Tulane University... [ERROR] HTTP 429
[947/1175] Tulane University... [ERROR] HTTP 429
[948/1175] U.S. Campaigns & Elections Academy... [ERROR] HTTP 429
[949/1175] UAB... [ERROR] HTTP 429
[950/1175] UAB... [ERROR] HTTP 429
[951/1175] UALR... [ERROR] HTTP 429
[952/1175] UC Berkeley... [ERROR] HTTP 429
[953/1175] UCA Cheer Camp... [ERROR] HTTP 429
[954/1175] UChicago Medicine... [ERROR] HTTP 429
[955/1175] UCI... [ERROR] HTTP 429
[956/1175] UCIGATI... [ERROR] HTTP 429
[957/1175] UCLA... [ERROR] HTTP 429
[958/1175] UCLA Health... [ERROR] HTTP 429
[959/1175] UConn... [ERROR] HTTP 429
[960/1175] UConn... [ERROR] HTTP 429
[961/1175] UCR... [ERROR] HTTP 429
[962/1175] UCSB... [ERROR] HTTP 429
[963/1175] UCSD... [ERROR] HTTP 429
[964/1175] UCSF... [ERROR] HTTP 429
[965/1175] UCSF... [ERROR] HTTP 429
[966/1175] UCSF... [ERROR] HTTP 429
[967/1175] UCSF... [ERROR] HTTP 429
[968/1175] UCSF... [ERROR] HTTP 429
[969/1175] UCSF... [ERROR] HTTP 429
[970/1175] UH... [ERROR] HTTP 429
[971/1175] UIC... [ERROR] HTTP 429
[972/1175] UK College of Medicine... [ERROR] HTTP 429
[973/1175] UMass... [ERROR] HTTP 429
[974/1175] UMass Dartmouth... [ERROR] HTTP 429
[975/1175] UMBC... [ERROR] HTTP 429
[976/1175] UMiami Health... [ERROR] HTTP 429
[977/1175] UMKC... [ERROR] HTTP 429
[978/1175] UMKC... [ERROR] HTTP 429
[979/1175] UMKC... [ERROR] HTTP 429
[980/1175] UML Liftoff... [ERROR] HTTP 429
[981/1175] UNCG... [ERROR] HTTP 429
[982/1175] Underwater Robotics Competition... [ERROR] HTTP 429
[983/1175] UNITE... [ERROR] HTTP 429
[984/1175] University at Albany... [ERROR] HTTP 429
[985/1175] University Interscholastic League... [ERROR] HTTP 429
[986/1175] University of Chicago... [ERROR] HTTP 429
[987/1175] University of Chicago... [ERROR] HTTP 429
[988/1175] University of Cincinnati... [ERROR] HTTP 429
[989/1175] University of Colorado Boulder... [ERROR] HTTP 429
[990/1175] University of Colorado Boulder... [ERROR] HTTP 429
[991/1175] University of Colorado Denver... [ERROR] HTTP 429
[992/1175] University of Delaware... [ERROR] HTTP 429
[993/1175] University of Delaware... [ERROR] HTTP 429
[994/1175] University of Denver... [ERROR] HTTP 429
[995/1175] University of Georgia... [ERROR] HTTP 429
[996/1175] University of Kansas... [ERROR] HTTP 429
[997/1175] University of Kentucky... [ERROR] HTTP 429
[998/1175] University of Louisville... [ERROR] HTTP 429
[999/1175] University of Maine... [ERROR] HTTP 429
[1000/1175] University of Maryland... [ERROR] HTTP 429
[1001/1175] University of Maryland... [ERROR] HTTP 429
[1002/1175] University of Michigan... [ERROR] HTTP 429
[1003/1175] University of Minnesota... [ERROR] HTTP 429
[1004/1175] University of Minnesota... [ERROR] HTTP 429
[1005/1175] University of North Texas... [ERROR] HTTP 429
[1006/1175] University of Notre Dame... [ERROR] HTTP 429
[1007/1175] University of Notre Dame... [ERROR] HTTP 429
[1008/1175] University of Tennessee... [ERROR] HTTP 429
[1009/1175] University of Texas at Dallas... [ERROR] HTTP 429
[1010/1175] University of Utah... [ERROR] HTTP 429
[1011/1175] University of Utah... [ERROR] HTTP 429
[1012/1175] University of Vermont... [ERROR] HTTP 429
[1013/1175] University of Washington... [ERROR] HTTP 429
[1014/1175] University of Washington... [ERROR] HTTP 429
[1015/1175] University of Wisconsin-Madison... [ERROR] HTTP 429
[1016/1175] UNM Health... [ERROR] HTTP 429
[1017/1175] UNR... [ERROR] HTTP 429
[1018/1175] UPRISE... [ERROR] HTTP 429
[1019/1175] Upward Bound... [ERROR] HTTP 429
[1020/1175] Upward Bound... [ERROR] HTTP 429
[1021/1175] Upward Bound Math Science... [ERROR] HTTP 429
[1022/1175] Upward Bound Program... [ERROR] HTTP 429
[1023/1175] Upward Bound Program... [ERROR] HTTP 429
[1024/1175] Urban Journalism Workshop... [ERROR] HTTP 429
[1025/1175] Urban Photography Camp... [ERROR] HTTP 429
[1026/1175] US Academic Decathlon... [ERROR] HTTP 429
[1027/1175] USA BIOlympiad... [ERROR] HTTP 429
[1028/1175] USA Computing Olympiad... [ERROR] HTTP 429
[1029/1175] USAFA... [ERROR] HTTP 429
[1030/1175] USAJMO... [ERROR] HTTP 429
[1031/1175] USAMO... [ERROR] HTTP 429
[1032/1175] USC... [ERROR] HTTP 429
[1033/1175] User Experience Design... [ERROR] HTTP 429
[1034/1175] Using Zebrafish to Study Brain Development Internship... [ERROR] HTTP 429
[1035/1175] UTA... [ERROR] HTTP 429
[1036/1175] Utah Entrepreneur Challenge... [ERROR] HTTP 429
[1037/1175] UTEP... [ERROR] HTTP 429
[1038/1175] UTEP... [ERROR] HTTP 429
[1039/1175] UTEP... [ERROR] HTTP 429
[1040/1175] UTEP... [ERROR] HTTP 429
[1041/1175] UTSA... [ERROR] HTTP 429
[1042/1175] UTSA... [ERROR] HTTP 429
[1043/1175] UW Botanic Gardens... [ERROR] HTTP 429
[1044/1175] UWM... [ERROR] HTTP 429
[1045/1175] UWM... [ERROR] HTTP 429
[1046/1175] UWM... [ERROR] HTTP 429
[1047/1175] Vanderbilt University... [ERROR] HTTP 429
[1048/1175] Vanderbilt University... [ERROR] HTTP 429
[1049/1175] Vanderbilt University... [ERROR] HTTP 429
[1050/1175] Vassar College... [ERROR] HTTP 429
[1051/1175] VCU... [ERROR] HTTP 503
[1052/1175] VCU Health... [ERROR] HTTP 429
[1053/1175] Veterinary Sciences Programs... [ERROR] HTTP 429
[1054/1175] Veterinary Technology... [ERROR] HTTP 429
[1055/1175] Virtual "Processing" Camp... [ERROR] HTTP 429
[1056/1175] Virtual Computational Biology Research... [ERROR] HTTP 429
[1057/1175] Vision for High School Students... [ERROR] HTTP 429
[1058/1175] Visual Arts Summer Institute... [ERROR] HTTP 429
[1059/1175] Voltage Scholars... [ERROR] HTTP 429
[1060/1175] VSGC... [ERROR] HTTP 429
[1061/1175] W. P. Carey School of Business... [ERROR] HTTP 429
[1062/1175] W. P. Carey School of Business... [ERROR] HTTP 429
[1063/1175] W. P. Carey School of Business... [ERROR] HTTP 429
[1064/1175] Wake Forest University... [ERROR] HTTP 429
[1065/1175] Washington & the World Academy... [ERROR] HTTP 429
[1066/1175] Washington University in St. Louis... [ERROR] HTTP 429
[1067/1175] Washington University in St. Louis... [ERROR] HTTP 429
[1068/1175] Washington University in St. Louis... [ERROR] HTTP 429
[1069/1175] Welch Summer Scholar... [ERROR] HTTP 429
[1070/1175] Wharton Investment Competition... [ERROR] HTTP 429
[1071/1175] WIE Aspire Explore Engineering... [ERROR] HTTP 429
[1072/1175] WIE Rise Summer Research... [ERROR] HTTP 429
[1073/1175] William & Mary... [ERROR] HTTP 429
[1074/1175] William & Mary... [ERROR] HTTP 429
[1075/1175] WISE Summer College... [ERROR] HTTP 429
[1076/1175] Women's Technology... [ERROR] HTTP 429
[1077/1175] Woodson Summer Scholars... [ERROR] HTTP 429
[1078/1175] WoodWorks... [ERROR] HTTP 429
[1079/1175] World Historian Student Essay Competition... [ERROR] HTTP 429
[1080/1175] World Wildlife Day Youth Art Contest... [ERROR] HTTP 429
[1081/1175] Writing & Culture... [ERROR] HTTP 429
[1082/1175] Writing Contest... [ERROR] HTTP 429
[1083/1175] Writing Project Summer Camp... [ERROR] HTTP 429
[1084/1175] WVU... [ERROR] HTTP 429
[1085/1175] Yale... [ERROR] HTTP 429
[1086/1175] Yale... [ERROR] HTTP 429
[1087/1175] Yale Global Scholars... [ERROR] HTTP 429
[1088/1175] Yale University... [ERROR] HTTP 429
[1089/1175] Yale University... [ERROR] HTTP 429
[1090/1175] Yale University... [ERROR] HTTP 429
[1091/1175] YCCI Exposures Program... [ERROR] HTTP 429
[1092/1175] YES for CURE... [ERROR] HTTP 429
[1093/1175] Young Executive Scholars Hospitality and Tourism Program... [ERROR] HTTP 429
[1094/1175] Young Innovators Climate Program... [ERROR] HTTP 429
[1095/1175] Young Innovators Program... [ERROR] HTTP 429
[1096/1175] Young Investigators... [ERROR] HTTP 429
[1097/1175] Young Leaders Academy... [ERROR] HTTP 429
[1098/1175] Young Scholars Program... [ERROR] HTTP 429
[1099/1175] Young Scholars Program... [ERROR] HTTP 429
[1100/1175] Young Scholars Research... [ERROR] HTTP 429
[1101/1175] Youth Employment Program... [ERROR] HTTP 429
[1102/1175] Youth Entrepreneurship... [ERROR] HTTP 429
[1103/1175] Youth Exchange Program... [ERROR] HTTP 429
[1104/1175] Youth Leadership Program... [ERROR] HTTP 429
[1105/1175] Youth Science Camp... [ERROR] HTTP 429
[1106/1175] YSP... [ERROR] HTTP 429
[1107/1175] YTI Online... [ERROR] HTTP 429
[1108/1175] Chapter Founder Program... [ERROR] HTTP 429
[1109/1175] Summer Science Program (SSP) — Astrophysics... [ERROR] HTTP 429
[1110/1175] Summer Science Program (SSP) — Biochemistry... [ERROR] HTTP 429
[1111/1175] DECA — Business & Marketing Competitions... [ERROR] HTTP 429
[1112/1175] PRIMES (Program for Research in Mathematics, Engineering, an... [ERROR] HTTP 429
[1113/1175] PROMYS (Program in Mathematics for Young Scientists)... [ERROR] HTTP 429
[1114/1175] Canada/USA Mathcamp... [ERROR] HTTP 429
[1115/1175] Telluride Association Summer Seminar (TASS)... [ERROR] HTTP 429
[1116/1175] NIH High School Summer Internship Program (HSSiP)... [ERROR] HTTP 429
[1117/1175] NASA Internships (High School)... [ERROR] HTTP 429
[1118/1175] Smithsonian Institution Internships... [ERROR] HTTP 429
[1119/1175] Regeneron Science Talent Search (STS)... [ERROR] HTTP 429
[1120/1175] USA Mathematical Olympiad (USAMO)... [ERROR] HTTP 429
[1121/1175] Science Olympiad... [ERROR] HTTP 429
[1122/1175] FBLA (Future Business Leaders of America)... [ERROR] HTTP 429
[1123/1175] HOSA — Future Health Professionals... [ERROR] HTTP 429
[1124/1175] Model United Nations (MUN)... [ERROR] HTTP 429
[1125/1175] National Speech & Debate Association (NSDA) Tournaments... [ERROR] HTTP 429
[1126/1175] MIT PRIMES-USA (Remote Research)... [ERROR] HTTP 429
[1127/1175] Journal of Emerging Investigators (JEI)... [ERROR] HTTP 429
[1128/1175] Concord Review (Journal)... [ERROR] HTTP 429
[1129/1175] Scholastic Art & Writing Awards... [ERROR] HTTP 429
[1130/1175] Junior Science and Humanities Symposia (JSHS)... [ERROR] HTTP 429
[1131/1175] Congressional Award... [ERROR] HTTP 429
[1132/1175] Presidential Volunteer Service Award... [ERROR] HTTP 429
[1133/1175] Duke of Edinburgh's International Award (America)... [ERROR] HTTP 429
[1134/1175] Governor's School Programs... [ERROR] HTTP 429
[1135/1175] National Student Leadership Conference (NSLC)... [ERROR] HTTP 429
[1136/1175] Jack Kent Cooke Young Artist Award... [ERROR] HTTP 429
[1137/1175] Young Arts (National YoungArts Foundation)... [ERROR] HTTP 429
[1138/1175] National History Day (NHD)... [ERROR] HTTP 429
[1139/1175] MIT Launch (Entrepreneurship Summer Program)... [ERROR] HTTP 429
[1140/1175] American Enterprise Institute (AEI) High School Essay Contes... [ERROR] HTTP 429
[1141/1175] Wharton Global High School Investment Competition... [ERROR] HTTP 429
[1142/1175] American Mathematics Competition (AMC 8)... [ERROR] HTTP 429
[1143/1175] Physics Unlimited Premier Competition... [ERROR] HTTP 429
[1144/1175] USA Physics Olympiad (USAPhO)... [ERROR] HTTP 429
[1145/1175] USA Biology Olympiad (USABO)... [ERROR] HTTP 429
[1146/1175] USA Computing Olympiad (USACO)... [ERROR] HTTP 429
[1147/1175] Harvard Secondary School Program (SSP)... [ERROR] HTTP 429
[1148/1175] Stanford Pre-Collegiate Summer Institutes... [ERROR] HTTP 429
[1149/1175] Minority Introduction to Engineering and Science (MITES)... [ERROR] HTTP 429
[1150/1175] Garcia Summer Research Program... [ERROR] HTTP 429
[1151/1175] Genes in Space Competition... [ERROR] HTTP 429
[1152/1175] Jackson Laboratory Summer Student Program... [ERROR] HTTP 429
[1153/1175] Acton Academy Online (Homeschool Entrepreneurship)... [ERROR] HTTP 429
[1154/1175] Breakthrough Junior Challenge... [ERROR] HTTP 429
[1155/1175] Cybersecurity Competition — CyberPatriot... [ERROR] HTTP 429
[1156/1175] MIT Zero Robotics... [ERROR] HTTP 429
[1157/1175] VEX Robotics Competition... [ERROR] HTTP 429
[1158/1175] American Junior Academy of Science (AJAS)... [ERROR] HTTP 429
[1159/1175] Hugh O'Brian Youth Leadership (HOBY)... [ERROR] HTTP 429
[1160/1175] Boys State / Girls State... [ERROR] HTTP 429
[1161/1175] Neuroscience Research Prize (Society for Neuroscience)... [ERROR] HTTP 429
[1162/1175] Toshiba/NSTA ExploraVision... [ERROR] HTTP 429
[1163/1175] Junior Achievement Company Program... [ERROR] HTTP 429
[1164/1175] COSMOS (California Summer School for Math and Science)... [ERROR] HTTP 429
[1165/1175] Appalachian Trail Conservancy Volunteer Programs... [ERROR] HTTP 429
[1166/1175] DoSomething.org Campaigns... [ERROR] HTTP 429
[1167/1175] Conrad Challenge... [ERROR] HTTP 429
[1168/1175] Aspirations in Computing Award (AiC) — NCWIT... [ERROR] HTTP 429
[1169/1175] International Sustainable World Energy Engineering Environme... [ERROR] HTTP 429
[1170/1175] Brave New Voices International Youth Poetry Slam... [ERROR] HTTP 429
[1171/1175] National Science Foundation Research Experiences for Undergr... [ERROR] HTTP 429
[1172/1175] Summer Session... [ERROR] HTTP 429
[1173/1175] University of Delaware... [ERROR] HTTP 429
[1174/1175] Vanderbilt University... [ERROR] HTTP 429
[1175/1175] GeMsGetMath@BU... [ERROR] HTTP 429

[SUMMARY] checked: 1175, changed: 792, errors: 383, silent (no-search) checks: 780/1175, cost: $0.9902
[OK] Logged agent_runs id=15.
